"idecadastro","txNomeParlamentar","sgPartido","sgUF","urlFoto","twitter_profile","fone","email"
178957,"ABEL MESQUITA JR.","DEM","RR","http://www.camara.gov.br/internet/deputado/bandep/178957.jpg","depabelmesquita","3215-5248","dep.abelmesquitajr@camara.gov.br"
178864,"ADAIL CARNEIRO","PP","CE","http://www.camara.gov.br/internet/deputado/bandep/178864.jpg","adail12321","3215-5335","dep.adailcarneiro@camara.gov.br"
178914,"ADALBERTO CAVALCANTI","PTB","PE","http://www.camara.gov.br/internet/deputado/bandep/178914.jpg",NA,"3215-5402","dep.adalbertocavalcanti@camara.gov.br"
178890,"ADELMO CARNEIRO LEÃO","PT","MG","http://www.camara.gov.br/internet/deputado/bandep/178890.jpg","deputadoadelmo","3215-5231","dep.adelmocarneiroleao@camara.gov.br"
178968,"ADELSON BARRETO","PR","SE","http://www.camara.gov.br/internet/deputado/bandep/178968.jpg","adelson_barreto","3215-5937","dep.adelsonbarreto@camara.gov.br"
133374,"ADEMIR CAMILO","PTN","MG","http://www.camara.gov.br/internet/deputado/bandep/133374.jpg","depademircamilo","3215-5556","dep.ademircamilo@camara.gov.br"
178903,"ADILTON SACHETTI","PSB","MT","http://www.camara.gov.br/internet/deputado/bandep/178903.jpg","adiltonsachetti","3215-5374","dep.adiltonsachetti@camara.gov.br"
141372,"AELTON FREITAS","PR","MG","http://www.camara.gov.br/internet/deputado/bandep/141372.jpg","aeltonfreitasmg","3215-5204","dep.aeltonfreitas@camara.gov.br"
160508,"AFONSO FLORENCE","PT","BA","http://www.camara.gov.br/internet/deputado/bandep/160508.jpg","AfonsoFlorence ‏","3215-5305","dep.afonsoflorence@camara.gov.br"
136811,"AFONSO HAMM","PP","RS","http://www.camara.gov.br/internet/deputado/bandep/136811.jpg","depafonsohamm","3215-5604","dep.afonsohamm@camara.gov.br"
178835,"AFONSO MOTTA","PDT","RS","http://www.camara.gov.br/internet/deputado/bandep/178835.jpg","afonso_motta","3215-5711","dep.afonsomotta@camara.gov.br"
160527,"AGUINALDO RIBEIRO","PP","PB","http://www.camara.gov.br/internet/deputado/bandep/160527.jpg","aguinaldo1111","3215-5735","dep.aguinaldoribeiro@camara.gov.br"
178836,"ALAN RICK","PRB","AC","http://www.camara.gov.br/internet/deputado/bandep/178836.jpg","Alan_Rick","3215-5650","dep.alanrick@camara.gov.br"
160582,"ALBERTO FILHO","PMDB","MA","http://www.camara.gov.br/internet/deputado/bandep/160582.jpg","DepAlbertofilho","3215-5202","dep.albertofilho@camara.gov.br"
73579,"ALBERTO FRAGA","DEM","DF","http://www.camara.gov.br/internet/deputado/bandep/73579.jpg","alberto_fraga","3215-5511","dep.albertofraga@camara.gov.br"
160559,"ALCEU MOREIRA","PMDB","RS","http://www.camara.gov.br/internet/deputado/bandep/160559.jpg","Alceu_Moreira","3215-5238","dep.alceumoreira@camara.gov.br"
160511,"ALESSANDRO MOLON","REDE","RJ","http://www.camara.gov.br/internet/deputado/bandep/160511.jpg","AlessandroMolon","3215-5652","dep.alessandromolon@camara.gov.br"
73458,"ALEX CANZIANI","PTB","PR","http://www.camara.gov.br/internet/deputado/bandep/73458.jpg","CanzianiAlex","3215-5842","dep.alexcanziani@camara.gov.br"
178972,"ALEX MANENTE","PPS","SP","http://www.camara.gov.br/internet/deputado/bandep/178972.jpg","alexmanentepps","3215-5245","dep.alexmanente@camara.gov.br"
178875,"ALEXANDRE BALDY","PTN","GO","http://www.camara.gov.br/internet/deputado/bandep/178875.jpg","alexandrebaldy","3215-5441","dep.alexandrebaldy@camara.gov.br"
160545,"ALEXANDRE LEITE","DEM","SP","http://www.camara.gov.br/internet/deputado/bandep/160545.jpg","lexandreleite","3215-5841","dep.alexandreleite@camara.gov.br"
178833,"ALEXANDRE SERFIOTIS","PMDB","RJ","http://www.camara.gov.br/internet/deputado/bandep/178833.jpg","AleSerfiotis","3215-5554","dep.alexandreserfiotis@camara.gov.br"
178936,"ALEXANDRE VALLE","PR","RJ","http://www.camara.gov.br/internet/deputado/bandep/178936.jpg",NA,"3215-5587","dep.alexandrevalle@camara.gov.br"
141454,"ALFREDO KAEFER","PSL","PR","http://www.camara.gov.br/internet/deputado/bandep/141454.jpg","AlfredoKaefer","3215-5818","dep.alfredokaefer@camara.gov.br"
178846,"ALFREDO NASCIMENTO","PR","AM","http://www.camara.gov.br/internet/deputado/bandep/178846.jpg","senadoralfredo","3215-5401","dep.alfredonascimento@camara.gov.br"
74057,"ALICE PORTUGAL","PCdoB","BA","http://www.camara.gov.br/internet/deputado/bandep/74057.jpg","Alice_Portugal","3215-5420","dep.aliceportugal@camara.gov.br"
178927,"ALIEL MACHADO","REDE","PR","http://www.camara.gov.br/internet/deputado/bandep/178927.jpg","alielmachado","3215-5480","dep.alielmachado@camara.gov.br"
178937,"ALTINEU CÔRTES","PMDB","RJ","http://www.camara.gov.br/internet/deputado/bandep/178937.jpg",NA,"3215-5578","dep.altineucortes@camara.gov.br"
178881,"ALUISIO MENDES","PTN","MA","http://www.camara.gov.br/internet/deputado/bandep/178881.jpg",NA,"3215-5931","dep.aluisiomendes@camara.gov.br"
178973,"ANA PERUGINI","PT","SP","http://www.camara.gov.br/internet/deputado/bandep/178973.jpg","anaperugini","3215-5436","dep.anaperugini@camara.gov.br"
160551,"ANDERSON FERREIRA","PR","PE",NA,"federalanderson",NA,NA
178831,"ANDRÉ ABDON","PP","AP","http://www.camara.gov.br/internet/deputado/bandep/178831.jpg","dep_andreabdon ‏","3215-5831","dep.andreabdon@camara.gov.br"
74471,"ANDRÉ DE PAULA","PSD","PE","http://www.camara.gov.br/internet/deputado/bandep/74471.jpg",NA,"3215-5754","dep.andredepaula@camara.gov.br"
133439,"ANDRÉ FIGUEIREDO","PDT","CE","http://www.camara.gov.br/internet/deputado/bandep/133439.jpg","andrepdt12","3215-5940","dep.andrefigueiredo@camara.gov.br"
178882,"ANDRÉ FUFUCA","PP","MA","http://www.camara.gov.br/internet/deputado/bandep/178882.jpg",NA,"3215-5945","dep.andrefufuca@camara.gov.br"
160543,"ANDRE MOURA","PSC","SE","http://www.camara.gov.br/internet/deputado/bandep/160543.jpg","AndreMourapsc_","3215-5846","dep.andremoura@camara.gov.br"
178974,"ANDRES SANCHEZ","PT","SP","http://www.camara.gov.br/internet/deputado/bandep/178974.jpg","torcidaandres","3215-5939","dep.andressanchez@camara.gov.br"
192120,"ANGELA ALBINO","PCdoB","SC",NA,NA,NA,NA
178837,"ANGELIM","PT","AC","http://www.camara.gov.br/internet/deputado/bandep/178837.jpg","RaimundoAngelim","3215-5543","dep.angelim@camara.gov.br"
74212,"ANÍBAL GOMES","PMDB","CE","http://www.camara.gov.br/internet/deputado/bandep/74212.jpg","NAO ENCONTRADO","3215-5731","dep.anibalgomes@camara.gov.br"
74213,"ANTONIO BALHMANN","PDT","CE",NA,"Dep_Balhmann",NA,NA
160553,"ANTONIO BRITO","PSD","BA","http://www.camara.gov.br/internet/deputado/bandep/160553.jpg","antoniobritoba","3215-5479","dep.antoniobrito@camara.gov.br"
141383,"ANTONIO BULHÕES","PRB","SP","http://www.camara.gov.br/internet/deputado/bandep/141383.jpg","depbulhoes","3215-5327","dep.antoniobulhoes@camara.gov.br"
73584,"ANTONIO CARLOS MENDES THAME","PV","SP","http://www.camara.gov.br/internet/deputado/bandep/73584.jpg","mendesthame","3215-5626","dep.antoniocarlosmendesthame@camara.gov.br"
160530,"ANTONIO IMBASSAHY","PSDB","BA",NA,"Dep_Imbassahy",NA,NA
178950,"ANTÔNIO JÁCOME","PTN","RN","http://www.camara.gov.br/internet/deputado/bandep/178950.jpg","NAO ENCONTRADO","3215-5230","dep.antoniojacome@camara.gov.br"
74103,"ARIOSTO HOLANDA","PDT","CE","http://www.camara.gov.br/internet/deputado/bandep/74103.jpg","deputadoariosto","3215-5522","dep.ariostoholanda@camara.gov.br"
73433,"ARLINDO CHINAGLIA","PT","SP","http://www.camara.gov.br/internet/deputado/bandep/73433.jpg","achinaglia","3215-5966","dep.arlindochinaglia@camara.gov.br"
73434,"ARNALDO FARIA DE SÁ","PTB","SP","http://www.camara.gov.br/internet/deputado/bandep/73434.jpg","Dep_Arnaldo1452","3215-5929","dep.arnaldofariadesa@camara.gov.br"
141391,"ARNALDO JARDIM","PPS","SP",NA,"ArnaldoJardim",NA,NA
160602,"ARNALDO JORDY","PPS","PA","http://www.camara.gov.br/internet/deputado/bandep/160602.jpg","arnaldojordy","3215-5506","dep.arnaldojordy@camara.gov.br"
74291,"ARNON BEZERRA","PTB","CE",NA,NA,NA,NA
74833,"AROLDE DE OLIVEIRA","PSC","RJ","http://www.camara.gov.br/internet/deputado/bandep/74833.jpg","AroldeOliveira","3215-5917","dep.aroldedeoliveira@camara.gov.br"
160541,"ARTHUR LIRA","PP","AL","http://www.camara.gov.br/internet/deputado/bandep/160541.jpg","DEPArthurLira","3215-5942","dep.arthurlira@camara.gov.br"
160600,"ARTHUR OLIVEIRA MAIA","PPS","BA","http://www.camara.gov.br/internet/deputado/bandep/160600.jpg","departhurmaia","3215-5830","dep.arthuroliveiramaia@camara.gov.br"
178847,"ARTHUR VIRGÍLIO BISNETO","PSDB","AM","http://www.camara.gov.br/internet/deputado/bandep/178847.jpg","Arthurbisneto","3215-5521","dep.arthurvirgiliobisneto@camara.gov.br"
159237,"ASSIS CARVALHO","PT","PI","http://www.camara.gov.br/internet/deputado/bandep/159237.jpg","assis_carvalho","3215-5909","dep.assiscarvalho@camara.gov.br"
74378,"ASSIS DO COUTO","PDT","PR","http://www.camara.gov.br/internet/deputado/bandep/74378.jpg","assisdocouto","3215-5428","dep.assisdocouto@camara.gov.br"
160581,"ASSIS MELO","PCdoB","RS","http://www.camara.gov.br/internet/deputado/bandep/160581.jpg","AssisMelo_cxs","3215-5625","dep.assismelo@camara.gov.br"
74090,"ÁTILA LINS","PSD","AM","http://www.camara.gov.br/internet/deputado/bandep/74090.jpg","NAO ENCONTRADO","3215-5730","dep.atilalins@camara.gov.br"
74459,"ÁTILA LIRA","PSB","PI","http://www.camara.gov.br/internet/deputado/bandep/74459.jpg",NA,"3215-5640","dep.atilalira@camara.gov.br"
73655,"AUGUSTO CARVALHO","SD","DF","http://www.camara.gov.br/internet/deputado/bandep/73655.jpg","augustodeputado","3215-5215","dep.augustocarvalho@camara.gov.br"
160665,"AUGUSTO COUTINHO","SD","PE","http://www.camara.gov.br/internet/deputado/bandep/160665.jpg",NA,"3215-5373","dep.augustocoutinho@camara.gov.br"
160512,"AUREO","SD","RJ","http://www.camara.gov.br/internet/deputado/bandep/160512.jpg","DeputadoAureo","3215-5212","dep.aureo@camara.gov.br"
69871,"BACELAR","PTN","BA","http://www.camara.gov.br/internet/deputado/bandep/69871.jpg","DeputadoBacelar","3215-5381","dep.bacelar@camara.gov.br"
178975,"BALEIA ROSSI","PMDB","SP","http://www.camara.gov.br/internet/deputado/bandep/178975.jpg","baleia_rossi","3215-5829","dep.baleiarossi@camara.gov.br"
178834,"BEBETO","PSB","BA","http://www.camara.gov.br/internet/deputado/bandep/178834.jpg","deputadobebeto","3215-5541","dep.bebeto@camara.gov.br"
73701,"BENEDITA DA SILVA","PT","RJ","http://www.camara.gov.br/internet/deputado/bandep/73701.jpg",NA,"3215-5330","dep.beneditadasilva@camara.gov.br"
74535,"BENITO GAMA","PTB","BA","http://www.camara.gov.br/internet/deputado/bandep/74535.jpg","benitogama","3215-5414","dep.benitogama@camara.gov.br"
74040,"BENJAMIN MARANHÃO","SD","PB","http://www.camara.gov.br/internet/deputado/bandep/74040.jpg","benjamimaranhao","3215-5458","dep.benjaminmaranhao@camara.gov.br"
178915,"BETINHO GOMES","PSDB","PE","http://www.camara.gov.br/internet/deputado/bandep/178915.jpg","betinhogomes","3215-5269","dep.betinhogomes@camara.gov.br"
141335,"BETO FARO","PT","PA","http://www.camara.gov.br/internet/deputado/bandep/141335.jpg",NA,"3215-5723","dep.betofaro@camara.gov.br"
73437,"BETO MANSUR","PRB","SP","http://www.camara.gov.br/internet/deputado/bandep/73437.jpg","betomansur10","3215-5616","dep.betomansur@camara.gov.br"
178948,"BETO ROSADO","PP","RN","http://www.camara.gov.br/internet/deputado/bandep/178948.jpg","betorosado","3215-5840","dep.betorosado@camara.gov.br"
178906,"BETO SALAME","PP","PA","http://www.camara.gov.br/internet/deputado/bandep/178906.jpg",NA,"3215-5473","dep.betosalame@camara.gov.br"
141513,"BILAC PINTO","PR","MG","http://www.camara.gov.br/internet/deputado/bandep/141513.jpg","bilac_pinto","3215-5806","dep.bilacpinto@camara.gov.br"
160538,"BOHN GASS","PT","RS","http://www.camara.gov.br/internet/deputado/bandep/160538.jpg","BOHNGASS","3215-5469","dep.bohngass@camara.gov.br"
74650,"BONIFÁCIO DE ANDRADA","PSDB","MG","http://www.camara.gov.br/internet/deputado/bandep/74650.jpg","BAndrada","3215-5208","dep.bonifaciodeandrada@camara.gov.br"
160589,"BRUNA FURLAN","PSDB","SP","http://www.camara.gov.br/internet/deputado/bandep/160589.jpg","BrunaFurlan_","3215-5836","dep.brunafurlan@camara.gov.br"
178999,"BRUNNY","PR","MG","http://www.camara.gov.br/internet/deputado/bandep/178999.jpg","deputadabrunny","3215-5260","dep.brunny@camara.gov.br"
141394,"BRUNO ARAÚJO","PSDB","PE",NA,"BrunoAraujo4511",NA,NA
178976,"BRUNO COVAS","PSDB","SP",NA,NA,NA,NA
178938,"CABO DACIOLO","PTdoB","RJ","http://www.camara.gov.br/internet/deputado/bandep/178938.jpg",NA,"3215-5803","dep.cabodaciolo@camara.gov.br"
178865,"CABO SABINO","PR","CE","http://www.camara.gov.br/internet/deputado/bandep/178865.jpg","cabo_sabino ‏","3215-5617","dep.cabosabino@camara.gov.br"
105112,"CABUÇU BORGES","PMDB","AP","http://www.camara.gov.br/internet/deputado/bandep/105112.jpg","depcabucu ‏","3215-5380","dep.cabucuborges@camara.gov.br"
93083,"CACÁ LEÃO","PP","BA","http://www.camara.gov.br/internet/deputado/bandep/93083.jpg","CacaLeao ‏","3215-5320","dep.cacaleao@camara.gov.br"
178853,"CAETANO","PT","BA","http://www.camara.gov.br/internet/deputado/bandep/178853.jpg","DepCaetano ‏","3215-5415","dep.caetano@camara.gov.br"
178891,"CAIO NARCIO","PSDB","MG","http://www.camara.gov.br/internet/deputado/bandep/178891.jpg","caionarcio","3215-5431","dep.caionarcio@camara.gov.br"
178829,"CAPITÃO AUGUSTO","PR","SP","http://www.camara.gov.br/internet/deputado/bandep/178829.jpg","capitao_augusto","3215-5273","dep.capitaoaugusto@camara.gov.br"
178924,"CAPITÃO FÁBIO ABREU","PTB","PI",NA,NA,NA,NA
178958,"CARLOS ANDRADE","PHS","RR","http://www.camara.gov.br/internet/deputado/bandep/178958.jpg","deputado_ca","3215-5758","dep.carlosandrade@camara.gov.br"
141401,"CARLOS BEZERRA","PMDB","MT","http://www.camara.gov.br/internet/deputado/bandep/141401.jpg","CarlosBezerraJr","3215-5815","dep.carlosbezerra@camara.gov.br"
74474,"CARLOS EDUARDO CADOCA","PDT","PE","http://www.camara.gov.br/internet/deputado/bandep/74474.jpg","Cadoca","3215-5718","dep.carloseduardocadoca@camara.gov.br"
178962,"CARLOS GOMES","PRB","RS","http://www.camara.gov.br/internet/deputado/bandep/178962.jpg","carlosgomesdep","3215-5285","dep.carlosgomes@camara.gov.br"
178993,"CARLOS HENRIQUE GAGUIM","PTN","TO","http://www.camara.gov.br/internet/deputado/bandep/178993.jpg","carlos_gaguim","3215-5222","dep.carloshenriquegaguim@camara.gov.br"
74163,"CARLOS MANATO","SD","ES","http://www.camara.gov.br/internet/deputado/bandep/74163.jpg",NA,"3215-5313","dep.carlosmanato@camara.gov.br"
178900,"CARLOS MARUN","PMDB","MS","http://www.camara.gov.br/internet/deputado/bandep/178900.jpg","deputadomarun","3215-5856","dep.carlosmarun@camara.gov.br"
74651,"CARLOS MELLES","DEM","MG","http://www.camara.gov.br/internet/deputado/bandep/74651.jpg","CarlosMelles","3215-5243","dep.carlosmelles@camara.gov.br"
74262,"CARLOS SAMPAIO","PSDB","SP","http://www.camara.gov.br/internet/deputado/bandep/74262.jpg","carlossampaio_","3215-5207","dep.carlossampaio@camara.gov.br"
141398,"CARLOS ZARATTINI","PT","SP","http://www.camara.gov.br/internet/deputado/bandep/141398.jpg","CarlosZarattini","3215-5808","dep.carloszarattini@camara.gov.br"
164360,"CARMEN ZANOTTO","PPS","SC","http://www.camara.gov.br/internet/deputado/bandep/164360.jpg","carmenzanotto","3215-5240","dep.carmenzanotto@camara.gov.br"
178876,"CÉLIO SILVEIRA","PSDB","GO","http://www.camara.gov.br/internet/deputado/bandep/178876.jpg",NA,"3215-5565","dep.celiosilveira@camara.gov.br"
73568,"CELSO JACOB","PMDB","RJ","http://www.camara.gov.br/internet/deputado/bandep/73568.jpg",NA,"3215-5382","dep.celsojacob@camara.gov.br"
141405,"CELSO MALDANER","PMDB","SC","http://www.camara.gov.br/internet/deputado/bandep/141405.jpg","celsomaldaner","3215-5311","dep.celsomaldaner@camara.gov.br"
72912,"CELSO PANSERA","PMDB","RJ","http://www.camara.gov.br/internet/deputado/bandep/72912.jpg","celsopansera","3215-5475","dep.celsopansera@camara.gov.br"
73441,"CELSO RUSSOMANNO","PRB","SP","http://www.camara.gov.br/internet/deputado/bandep/73441.jpg","celsorussomanno","3215-5960","dep.celsorussomanno@camara.gov.br"
160576,"CÉSAR HALUM","PRB","TO","http://www.camara.gov.br/internet/deputado/bandep/160576.jpg","cesarhalum","3215-5422","dep.cesarhalum@camara.gov.br"
178838,"CÉSAR MESSIAS","PSB","AC","http://www.camara.gov.br/internet/deputado/bandep/178838.jpg","CesarMessias_Ac","3215-5956","dep.cesarmessias@camara.gov.br"
73720,"CESAR SOUZA","PSD","SC","http://www.camara.gov.br/internet/deputado/bandep/73720.jpg","depcesarsouza","3215-5609","dep.cesarsouza@camara.gov.br"
74171,"CHICO ALENCAR","PSOL","RJ","http://www.camara.gov.br/internet/deputado/bandep/74171.jpg","depchicoalencar","3215-5848","dep.chicoalencar@camara.gov.br"
141439,"CHICO D'ANGELO","PT","RJ","http://www.camara.gov.br/internet/deputado/bandep/141439.jpg","chico_dangelo","3215-5542","dep.chicodangelo@camara.gov.br"
141440,"CHICO LOPES","PCdoB","CE","http://www.camara.gov.br/internet/deputado/bandep/141440.jpg","Chico_Lopes","3215-5310","dep.chicolopes@camara.gov.br"
178928,"CHRISTIANE DE SOUZA YARED","PR","PR","http://www.camara.gov.br/internet/deputado/bandep/178928.jpg","christianeyared","3215-5201","dep.christianedesouzayared@camara.gov.br"
178841,"CÍCERO ALMEIDA","PMDB","AL","http://www.camara.gov.br/internet/deputado/bandep/178841.jpg","Cicero2800","3215-5760","dep.ciceroalmeida@camara.gov.br"
178939,"CLARISSA GAROTINHO","PRB","RJ",NA,NA,NA,NA
74537,"CLAUDIO CAJADO","DEM","BA","http://www.camara.gov.br/internet/deputado/bandep/74537.jpg","claudio_cajado","3215-5630","dep.claudiocajado@camara.gov.br"
141408,"CLEBER VERDE","PRB","MA","http://www.camara.gov.br/internet/deputado/bandep/141408.jpg",NA,"3215-5710","dep.cleberverde@camara.gov.br"
178848,"CONCEIÇÃO SAMPAIO","PP","AM","http://www.camara.gov.br/internet/deputado/bandep/178848.jpg","dep_CSampaio ‏","3215-5515","dep.conceicaosampaio@camara.gov.br"
178963,"COVATTI FILHO","PP","RS","http://www.camara.gov.br/internet/deputado/bandep/178963.jpg","CovattiFilho","3215-5228","dep.covattifilho@camara.gov.br"
93472,"CRISTIANE BRASIL","PTB","RJ","http://www.camara.gov.br/internet/deputado/bandep/93472.jpg","Dep_CrisBrasil","3215-5644","dep.cristianebrasil@camara.gov.br"
141411,"DAGOBERTO NOGUEIRA","PDT","MS","http://www.camara.gov.br/internet/deputado/bandep/141411.jpg","dagobertopdt","3215-5654","dep.dagobertonogueira@camara.gov.br"
74467,"DAMIÃO FELICIANO","PDT","PB","http://www.camara.gov.br/internet/deputado/bandep/74467.jpg","drdamiao","3215-5938","dep.damiaofeliciano@camara.gov.br"
178892,"DÂMINA PEREIRA","PSL","MG","http://www.camara.gov.br/internet/deputado/bandep/178892.jpg",NA,"3215-5434","dep.daminapereira@camara.gov.br"
74060,"DANIEL ALMEIDA","PCdoB","BA","http://www.camara.gov.br/internet/deputado/bandep/74060.jpg","Daniel_PCdoB ‏","3215-5317","dep.danielalmeida@camara.gov.br"
178916,"DANIEL COELHO","PSDB","PE","http://www.camara.gov.br/internet/deputado/bandep/178916.jpg",NA,"3215-5813","dep.danielcoelho@camara.gov.br"
144523,"DANIEL VILELA","PMDB","GO","http://www.camara.gov.br/internet/deputado/bandep/144523.jpg",NA,"3215-5471","dep.danielvilela@camara.gov.br"
160528,"DANILO CABRAL","PSB","PE","http://www.camara.gov.br/internet/deputado/bandep/160528.jpg",NA,"3215-5423","dep.danilocabral@camara.gov.br"
62881,"DANILO FORTE","PSB","CE","http://www.camara.gov.br/internet/deputado/bandep/62881.jpg","DepDaniloForte","3215-5384","dep.daniloforte@camara.gov.br"
160552,"DANRLEI DE DEUS HINTERHOLZ","PSD","RS","http://www.camara.gov.br/internet/deputado/bandep/160552.jpg","DanrleiFederal","3215-5566","dep.danrleidedeushinterholz@camara.gov.br"
73891,"DARCÍSIO PERONDI","PMDB","RS","http://www.camara.gov.br/internet/deputado/bandep/73891.jpg","darcisioperondi","3215-5518","dep.darcisioperondi@camara.gov.br"
141412,"DAVI ALVES SILVA JÚNIOR","PR","MA",NA,"depdavialves",NA,NA
101309,"DAVIDSON MAGALHÃES","PCdoB","BA","http://www.camara.gov.br/internet/deputado/bandep/101309.jpg","Davidson65","3215-5642","dep.davidsonmagalhaes@camara.gov.br"
141413,"DÉCIO LIMA","PT","SC","http://www.camara.gov.br/internet/deputado/bandep/141413.jpg","deciolimapt","3215-5218","dep.deciolima@camara.gov.br"
178908,"DELEGADO ÉDER MAURO","PSD","PA","http://www.camara.gov.br/internet/deputado/bandep/178908.jpg",NA,"3215-5586","dep.delegadoedermauro@camara.gov.br"
178893,"DELEGADO EDSON MOREIRA","PR","MG","http://www.camara.gov.br/internet/deputado/bandep/178893.jpg","DelegadoMoreira","3215-5933","dep.delegadoedsonmoreira@camara.gov.br"
160646,"DELEGADO FRANCISCHINI","SD","PR","http://www.camara.gov.br/internet/deputado/bandep/160646.jpg","Francischini_","3215-5265","dep.delegadofrancischini@camara.gov.br"
164359,"DELEGADO WALDIR","PR","GO","http://www.camara.gov.br/internet/deputado/bandep/164359.jpg",NA,"3215-5645","dep.delegadowaldir@camara.gov.br"
74172,"DELEY","PTB","RJ","http://www.camara.gov.br/internet/deputado/bandep/74172.jpg","depdeley","3215-5742","dep.deley@camara.gov.br"
185500,"DEOCLIDES MACEDO","PDT","MA","http://www.camara.gov.br/internet/deputado/bandep/185500.jpg",NA,"3215-5350","dep.deoclidesmacedo@camara.gov.br"
160588,"DIEGO ANDRADE","PSD","MG","http://www.camara.gov.br/internet/deputado/bandep/160588.jpg",NA,"3215-5307","dep.diegoandrade@camara.gov.br"
178929,"DIEGO GARCIA","PHS","PR","http://www.camara.gov.br/internet/deputado/bandep/178929.jpg","diegogarciapr","3215-5745","dep.diegogarcia@camara.gov.br"
73768,"DILCEU SPERAFICO","PP","PR","http://www.camara.gov.br/internet/deputado/bandep/73768.jpg","DepSperafico","3215-5746","dep.dilceusperafico@camara.gov.br"
160599,"DIMAS FABIANO","PP","MG","http://www.camara.gov.br/internet/deputado/bandep/160599.jpg","depdimasfabiano","3215-5325","dep.dimasfabiano@camara.gov.br"
143632,"DOMINGOS NETO","PSD","CE","http://www.camara.gov.br/internet/deputado/bandep/143632.jpg","Domingos_Neto","3215-5546","dep.domingosneto@camara.gov.br"
160758,"DOMINGOS SÁVIO","PSDB","MG","http://www.camara.gov.br/internet/deputado/bandep/160758.jpg","DomingosSavioMG","3215-5345","dep.domingossavio@camara.gov.br"
178940,"DR. JOÃO","PR","RJ",NA,NA,NA,NA
160643,"DR. JORGE SILVA","PHS","ES","http://www.camara.gov.br/internet/deputado/bandep/160643.jpg","DrJorge1211","3215-5227","dep.dr.jorgesilva@camara.gov.br"
178830,"DR. SINVAL MALHEIROS","PTN","SP","http://www.camara.gov.br/internet/deputado/bandep/178830.jpg","sinvalmalheiros","3215-5520","dep.dr.sinvalmalheiros@camara.gov.br"
141385,"DUARTE NOGUEIRA","PSDB","SP",NA,"duarte_nogueira",NA,NA
178994,"DULCE MIRANDA","PMDB","TO","http://www.camara.gov.br/internet/deputado/bandep/178994.jpg","dulcemiranda_to","3215-5530","dep.dulcemiranda@camara.gov.br"
73447,"EDINHO ARAÚJO","PMDB","SP",NA,NA,NA,NA
73793,"EDINHO BEZ","PMDB","SC",NA,"dep_edinhobez",NA,NA
141417,"EDIO LOPES","PR","RR","http://www.camara.gov.br/internet/deputado/bandep/141417.jpg","ediolopes","3215-5408","dep.ediolopes@camara.gov.br"
160578,"EDMAR ARRUDA","PSD","PR","http://www.camara.gov.br/internet/deputado/bandep/160578.jpg","EdmarArruda","3215-5962","dep.edmararruda@camara.gov.br"
134812,"EDMILSON RODRIGUES","PSOL","PA","http://www.camara.gov.br/internet/deputado/bandep/134812.jpg",NA,"3215-5301","dep.edmilsonrodrigues@camara.gov.br"
74655,"EDUARDO BARBOSA","PSDB","MG","http://www.camara.gov.br/internet/deputado/bandep/74655.jpg","eduardobarbosa_","3215-1540","dep.eduardobarbosa@camara.gov.br"
92346,"EDUARDO BOLSONARO","PSC","SP","http://www.camara.gov.br/internet/deputado/bandep/92346.jpg","bolsonarosp","3215-5481","dep.eduardobolsonaro@camara.gov.br"
74173,"EDUARDO CUNHA","PMDB","RJ",NA,"DepEduardoCunha",NA,NA
178977,"EDUARDO CURY","PSDB","SP","http://www.camara.gov.br/internet/deputado/bandep/178977.jpg","eduardo_cury","3215-5368","dep.eduardocury@camara.gov.br"
141421,"EDUARDO DA FONTE","PP","PE","http://www.camara.gov.br/internet/deputado/bandep/141421.jpg","eduardodafonte","3215-5628","dep.eduardodafonte@camara.gov.br"
141422,"EFRAIM FILHO","DEM","PB","http://www.camara.gov.br/internet/deputado/bandep/141422.jpg","efraimfilho","3215-5744","dep.efraimfilho@camara.gov.br"
74075,"ELCIONE BARBALHO","PMDB","PA","http://www.camara.gov.br/internet/deputado/bandep/74075.jpg","elcionepmdb","3215-5919","dep.elcionebarbalho@camara.gov.br"
160532,"ELI CORRÊA FILHO","DEM","SP","http://www.camara.gov.br/internet/deputado/bandep/160532.jpg","NAO ENCONTRADO","3215-5850","dep.elicorreafilho@camara.gov.br"
181316,"ELIZEU DIONIZIO","PSDB","MS","http://www.camara.gov.br/internet/deputado/bandep/181316.jpg","elizeudionizio","3215-5531","dep.elizeudionizio@camara.gov.br"
178883,"ELIZIANE GAMA","PPS","MA","http://www.camara.gov.br/internet/deputado/bandep/178883.jpg",NA,"3215-5205","dep.elizianegama@camara.gov.br"
178854,"ELMAR NASCIMENTO","DEM","BA","http://www.camara.gov.br/internet/deputado/bandep/178854.jpg","ElmarNascimento","3215-5935","dep.elmarnascimento@camara.gov.br"
132504,"ENIO VERRI","PT","PR","http://www.camara.gov.br/internet/deputado/bandep/132504.jpg","enioverri","3215-5472","dep.enioverri@camara.gov.br"
160575,"ERIKA KOKAY","PT","DF","http://www.camara.gov.br/internet/deputado/bandep/160575.jpg","erikakokay","3215-5203","dep.erikakokay@camara.gov.br"
99654,"ERIVELTON SANTANA","PEN","BA","http://www.camara.gov.br/internet/deputado/bandep/99654.jpg","dep_erivelton","3215-5756","dep.eriveltonsantana@camara.gov.br"
160640,"EROS BIONDINI","PROS","MG","http://www.camara.gov.br/internet/deputado/bandep/160640.jpg","erosbiondini","3215-5321","dep.erosbiondini@camara.gov.br"
160649,"ESPERIDIÃO AMIN","PP","SC","http://www.camara.gov.br/internet/deputado/bandep/160649.jpg","EsperidiaoAmin_","3215-5252","dep.esperidiaoamin@camara.gov.br"
178871,"EVAIR VIEIRA DE MELO","PV","ES","http://www.camara.gov.br/internet/deputado/bandep/178871.jpg",NA,"3215-5443","dep.evairvieirademelo@camara.gov.br"
178828,"EVANDRO GUSSI","PV","SP","http://www.camara.gov.br/internet/deputado/bandep/178828.jpg","evandrogussi","3215-5433","dep.evandrogussi@camara.gov.br"
178930,"EVANDRO ROMAN","PSD","PR","http://www.camara.gov.br/internet/deputado/bandep/178930.jpg","roman_evandro","3215-5303","dep.evandroroman@camara.gov.br"
178953,"EXPEDITO NETTO","PSD","RO","http://www.camara.gov.br/internet/deputado/bandep/178953.jpg","netto_expedito","3215-5943","dep.expeditonetto@camara.gov.br"
178904,"EZEQUIEL FONSECA","PP","MT","http://www.camara.gov.br/internet/deputado/bandep/178904.jpg",NA,"3215-5658","dep.ezequielfonseca@camara.gov.br"
178941,"EZEQUIEL TEIXEIRA","PTN","RJ","http://www.camara.gov.br/internet/deputado/bandep/178941.jpg",NA,"3215-5210","dep.ezequielteixeira@camara.gov.br"
146829,"FABIANO HORTA","PT","RJ",NA,NA,NA,NA
141428,"FÁBIO FARIA","PSD","RN","http://www.camara.gov.br/internet/deputado/bandep/141428.jpg","fabiofaria33","3215-5706","dep.fabiofaria@camara.gov.br"
178905,"FABIO GARCIA","PSB","MT","http://www.camara.gov.br/internet/deputado/bandep/178905.jpg",NA,"3215-5278","dep.fabiogarcia@camara.gov.br"
178969,"FÁBIO MITIDIERI","PSD","SE","http://www.camara.gov.br/internet/deputado/bandep/178969.jpg","depfmitidieri","3215-5286","dep.fabiomitidieri@camara.gov.br"
141427,"FÁBIO RAMALHO","PMDB","MG","http://www.camara.gov.br/internet/deputado/bandep/141427.jpg","_FabinhoRamalho","3215-5452","dep.fabioramalho@camara.gov.br"
171623,"FABIO REIS","PMDB","SE","http://www.camara.gov.br/internet/deputado/bandep/171623.jpg","fabioreis1515","3215-5456","dep.fabioreis@camara.gov.br"
178877,"FÁBIO SOUSA","PSDB","GO","http://www.camara.gov.br/internet/deputado/bandep/178877.jpg",NA,"3215-5271","dep.fabiosousa@camara.gov.br"
190149,"FABRICIO OLIVEIRA","PSB","SC",NA,NA,NA,NA
66828,"FAUSTO PINATO","PP","SP","http://www.camara.gov.br/internet/deputado/bandep/66828.jpg","faustopinato","3215-5562","dep.faustopinato@camara.gov.br"
141430,"FELIPE BORNIER","PROS","RJ","http://www.camara.gov.br/internet/deputado/bandep/141430.jpg","felipebornierrj","3215-5216","dep.felipebornier@camara.gov.br"
141429,"FELIPE MAIA","DEM","RN","http://www.camara.gov.br/internet/deputado/bandep/141429.jpg","depfelipemaia","3215-5528","dep.felipemaia@camara.gov.br"
160666,"FÉLIX MENDONÇA JÚNIOR","PDT","BA","http://www.camara.gov.br/internet/deputado/bandep/160666.jpg","felixMendoncaJr","3215-5912","dep.felixmendoncajunior@camara.gov.br"
141431,"FERNANDO COELHO FILHO","PSB","PE",NA,"FBCFilho",NA,NA
163831,"FERNANDO JORDÃO","PMDB","RJ",NA,"fernandojordao",NA,NA
73481,"FERNANDO MARRONI","PT","RS",NA,"fernandomarroni",NA,NA
92699,"FERNANDO MONTEIRO","PP","PE","http://www.camara.gov.br/internet/deputado/bandep/92699.jpg",NA,"3215-5282","dep.fernandomonteiro@camara.gov.br"
160676,"FERNANDO TORRES","PSD","BA",NA,NA,NA,NA
160598,"FLÁVIA MORAIS","PDT","GO","http://www.camara.gov.br/internet/deputado/bandep/160598.jpg","depflaviamorais","3215-5738","dep.flaviamorais@camara.gov.br"
141434,"FLAVIANO MELO","PMDB","AC","http://www.camara.gov.br/internet/deputado/bandep/141434.jpg","flaviano_melo","3215-5224","dep.flavianomelo@camara.gov.br"
178978,"FLAVINHO","PSB","SP","http://www.camara.gov.br/internet/deputado/bandep/178978.jpg","flavinhocn","3215-5369","dep.flavinho@camara.gov.br"
191923,"FLAVIO NOGUEIRA","PDT","PI",NA,NA,NA,NA
178979,"FLORIANO PESARO","PSDB","SP",NA,NA,NA,NA
178907,"FRANCISCO CHAPADINHA","PTN","PA","http://www.camara.gov.br/internet/deputado/bandep/178907.jpg","chapadinha55","3215-5385","dep.franciscochapadinha@camara.gov.br"
160677,"FRANCISCO FLORIANO","DEM","RJ","http://www.camara.gov.br/internet/deputado/bandep/160677.jpg","dep_francisco","3215-5719","dep.franciscofloriano@camara.gov.br"
186775,"FRANKLIN","PP","MG","http://www.camara.gov.br/internet/deputado/bandep/186775.jpg","dep_franklin","3215-5627","dep.franklin@camara.gov.br"
129037,"GABRIEL GUIMARÃES","PT","MG","http://www.camara.gov.br/internet/deputado/bandep/129037.jpg",NA,"3215-5821","dep.gabrielguimaraes@camara.gov.br"
160669,"GENECIAS NORONHA","SD","CE","http://www.camara.gov.br/internet/deputado/bandep/160669.jpg","depgenecias","3215-5244","dep.geneciasnoronha@camara.gov.br"
141441,"GEORGE HILTON","PSB","MG","http://www.camara.gov.br/internet/deputado/bandep/141441.jpg","georgehilton40","3215-5804","dep.georgehilton@camara.gov.br"
178966,"GEOVANIA DE SÁ","PSDB","SC","http://www.camara.gov.br/internet/deputado/bandep/178966.jpg","geovaniadesa","3215-5606","dep.geovaniadesa@camara.gov.br"
74374,"GERALDO RESENDE","PSDB","MS","http://www.camara.gov.br/internet/deputado/bandep/74374.jpg","dep_geraldo","3215-5905","dep.geraldoresende@camara.gov.br"
74383,"GIACOBO","PR","PR","http://www.camara.gov.br/internet/deputado/bandep/74383.jpg","fernandogiacobo","3215-5762","dep.giacobo@camara.gov.br"
74270,"GILBERTO NASCIMENTO","PSC","SP","http://www.camara.gov.br/internet/deputado/bandep/74270.jpg","gilbertopsc20","3215-5834","dep.gilbertonascimento@camara.gov.br"
160673,"GIOVANI CHERINI","PR","RS","http://www.camara.gov.br/internet/deputado/bandep/160673.jpg","giovanicherini","3215-5468","dep.giovanicherini@camara.gov.br"
178996,"GIOVANI FELTES","PMDB","RS",NA,NA,NA,NA
178878,"GIUSEPPE VECCI","PSDB","GO","http://www.camara.gov.br/internet/deputado/bandep/178878.jpg",NA,"3215-5383","dep.giuseppevecci@camara.gov.br"
74558,"GIVALDO CARIMBÃO","PHS","AL","http://www.camara.gov.br/internet/deputado/bandep/74558.jpg","givaldocarimbao","3215-5732","dep.givaldocarimbao@camara.gov.br"
178872,"GIVALDO VIEIRA","PT","ES","http://www.camara.gov.br/internet/deputado/bandep/178872.jpg",NA,"3215-5805","dep.givaldovieira@camara.gov.br"
152605,"GLAUBER BRAGA","PSOL","RJ","http://www.camara.gov.br/internet/deputado/bandep/152605.jpg","Glauber_Braga","3215-5362","dep.glauberbraga@camara.gov.br"
74419,"GONZAGA PATRIOTA","PSB","PE","http://www.camara.gov.br/internet/deputado/bandep/74419.jpg",NA,"3215-5430","dep.gonzagapatriota@camara.gov.br"
129618,"GORETE PEREIRA","PR","CE","http://www.camara.gov.br/internet/deputado/bandep/129618.jpg","d_goretepereira","3215-5206","dep.goretepereira@camara.gov.br"
178980,"GOULART","PSD","SP","http://www.camara.gov.br/internet/deputado/bandep/178980.jpg","oficial_goulart","3215-5533","dep.goulart@camara.gov.br"
160667,"GUILHERME MUSSI","PP","SP","http://www.camara.gov.br/internet/deputado/bandep/160667.jpg","guilhermemussi","3215-5712","dep.guilhermemussi@camara.gov.br"
178964,"HEITOR SCHUCH","PSB","RS","http://www.camara.gov.br/internet/deputado/bandep/178964.jpg","HeitorSchuch","3215-5277","dep.heitorschuch@camara.gov.br"
178873,"HELDER SALOMÃO","PT","ES","http://www.camara.gov.br/internet/deputado/bandep/178873.jpg",NA,"3215-5573","dep.heldersalomao@camara.gov.br"
178909,"HÉLIO LEITE","DEM","PA","http://www.camara.gov.br/internet/deputado/bandep/178909.jpg",NA,"3215-5403","dep.helioleite@camara.gov.br"
73482,"HENRIQUE FONTANA","PT","RS","http://www.camara.gov.br/internet/deputado/bandep/73482.jpg","henriquefontana","3215-5256","dep.henriquefontana@camara.gov.br"
97707,"HERÁCLITO FORTES","PSB","PI","http://www.camara.gov.br/internet/deputado/bandep/97707.jpg",NA,"3215-5708","dep.heraclitofortes@camara.gov.br"
178981,"HERCULANO PASSOS","PSD","SP","http://www.camara.gov.br/internet/deputado/bandep/178981.jpg","herculanopassos","3215-5926","dep.herculanopassos@camara.gov.br"
73772,"HERMES PARCIANELLO","PMDB","PR","http://www.camara.gov.br/internet/deputado/bandep/73772.jpg","NÃO ENCONTRADO","3215-5234","dep.hermesparcianello@camara.gov.br"
160596,"HEULER CRUVINEL","PSD","GO","http://www.camara.gov.br/internet/deputado/bandep/160596.jpg","heulercruvinel","3215-5536","dep.heulercruvinel@camara.gov.br"
178884,"HILDO ROCHA","PMDB","MA","http://www.camara.gov.br/internet/deputado/bandep/178884.jpg",NA,"3215-5734","dep.hildorocha@camara.gov.br"
178959,"HIRAN GONÇALVES","PP","RR","http://www.camara.gov.br/internet/deputado/bandep/178959.jpg","deputadohiran","3215-5274","dep.hirangoncalves@camara.gov.br"
178849,"HISSA ABRAHÃO","PDT","AM","http://www.camara.gov.br/internet/deputado/bandep/178849.jpg","Hissa_Abrahao ‏","3215-5272","dep.hissaabrahao@camara.gov.br"
141450,"HUGO LEAL","PSB","RJ","http://www.camara.gov.br/internet/deputado/bandep/141450.jpg","dephugoleal","3215-5631","dep.hugoleal@camara.gov.br"
160674,"HUGO MOTTA","PMDB","PB","http://www.camara.gov.br/internet/deputado/bandep/160674.jpg","hugomottapb","3215-5237","dep.hugomotta@camara.gov.br"
141389,"INDIO DA COSTA","PSD","RJ",NA,NA,NA,NA
67138,"IRACEMA PORTELLA","PP","PI","http://www.camara.gov.br/internet/deputado/bandep/67138.jpg","iracemaportela","3215-5924","dep.iracemaportella@camara.gov.br"
81232,"IRAJÁ ABREU","PSD","TO","http://www.camara.gov.br/internet/deputado/bandep/81232.jpg","irajaabreu","3215-5802","dep.irajaabreu@camara.gov.br"
178855,"IRMÃO LAZARO","PSC","BA","http://www.camara.gov.br/internet/deputado/bandep/178855.jpg","irmaolazaro","3215-5450","dep.irmaolazaro@camara.gov.br"
73531,"IVAN VALENTE","PSOL","SP","http://www.camara.gov.br/internet/deputado/bandep/73531.jpg","ivanvalente","3215-5716","dep.ivanvalente@camara.gov.br"
4931,"IZALCI LUCAS","PSDB","DF","http://www.camara.gov.br/internet/deputado/bandep/4931.jpg","IzalciLucas","3215-5602","dep.izalcilucas@camara.gov.br"
74665,"JAIME MARTINS","PSD","MG","http://www.camara.gov.br/internet/deputado/bandep/74665.jpg","JaiminhoMartins","3215-5904","dep.jaimemartins@camara.gov.br"
74847,"JAIR BOLSONARO","PSC","RJ","http://www.camara.gov.br/internet/deputado/bandep/74847.jpg","jairbolsonaro","3215-5482","dep.jairbolsonaro@camara.gov.br"
74848,"JANDIRA FEGHALI","PCdoB","RJ","http://www.camara.gov.br/internet/deputado/bandep/74848.jpg","jandira_feghali","3215-5622","dep.jandirafeghali@camara.gov.br"
73926,"JANETE CAPIBERIBE","PSB","AP","http://www.camara.gov.br/internet/deputado/bandep/73926.jpg","Janete4040","3215-5209","dep.janetecapiberibe@camara.gov.br"
131943,"JARBAS VASCONCELOS","PMDB","PE","http://www.camara.gov.br/internet/deputado/bandep/131943.jpg",NA,"3215-5304","dep.jarbasvasconcelos@camara.gov.br"
160672,"JEAN WYLLYS","PSOL","RJ","http://www.camara.gov.br/internet/deputado/bandep/160672.jpg","jeanwyllys_real","3215-5646","dep.jeanwyllys@camara.gov.br"
74273,"JEFFERSON CAMPOS","PSD","SP","http://www.camara.gov.br/internet/deputado/bandep/74273.jpg","DepJefferson","3215-5346","dep.jeffersoncampos@camara.gov.br"
160570,"JERÔNIMO GOERGEN","PP","RS","http://www.camara.gov.br/internet/deputado/bandep/160570.jpg","jeronimogoergen","3215-5316","dep.jeronimogoergen@camara.gov.br"
178839,"JÉSSICA SALES","PMDB","AC","http://www.camara.gov.br/internet/deputado/bandep/178839.jpg","NAO ENCONTRADO","3215-5952","dep.jessicasales@camara.gov.br"
178842,"JHC","PSB","AL","http://www.camara.gov.br/internet/deputado/bandep/178842.jpg","JHC_40","3215-5958","dep.jhc@camara.gov.br"
160531,"JHONATAN DE JESUS","PRB","RR","http://www.camara.gov.br/internet/deputado/bandep/160531.jpg","jhonatan_djesus","3215-5535","dep.jhonatandejesus@camara.gov.br"
141503,"JÔ MORAES","PCdoB","MG","http://www.camara.gov.br/internet/deputado/bandep/141503.jpg","jomoraes","3215-5322","dep.jomoraes@camara.gov.br"
160573,"JOÃO ARRUDA","PMDB","PR","http://www.camara.gov.br/internet/deputado/bandep/160573.jpg","joao_arruda","3215-5633","dep.joaoarruda@camara.gov.br"
74366,"JOÃO CAMPOS","PRB","GO","http://www.camara.gov.br/internet/deputado/bandep/74366.jpg","depjoaocampos","3215-5315","dep.joaocampos@camara.gov.br"
141458,"JOÃO CARLOS BACELAR","PR","BA","http://www.camara.gov.br/internet/deputado/bandep/141458.jpg","deputadobacelar","3215-5928","dep.joaocarlosbacelar@camara.gov.br"
74445,"JOÃO CASTELO","PSDB","MA",NA,NA,NA,NA
178970,"JOÃO DANIEL","PT","SE","http://www.camara.gov.br/internet/deputado/bandep/178970.jpg","joaodanielPT","3215-5605","dep.joaodaniel@camara.gov.br"
178965,"JOÃO DERLY","REDE","RS","http://www.camara.gov.br/internet/deputado/bandep/178965.jpg","joaoderly","3215-5901","dep.joaoderly@camara.gov.br"
178917,"JOÃO FERNANDO COUTINHO","PSB","PE","http://www.camara.gov.br/internet/deputado/bandep/178917.jpg",NA,"3215-2567","dep.joaofernandocoutinho@camara.gov.br"
178856,"JOÃO GUALBERTO","PSDB","BA","http://www.camara.gov.br/internet/deputado/bandep/178856.jpg","NAO ENCONTRADO","3215-5358","dep.joaogualberto@camara.gov.br"
112437,"JOÃO MARCELO SOUZA","PMDB","MA","http://www.camara.gov.br/internet/deputado/bandep/112437.jpg",NA,"3215-5639","dep.joaomarcelosouza@camara.gov.br"
178967,"JOÃO PAULO KLEINÜBING","PSD","SC","http://www.camara.gov.br/internet/deputado/bandep/178967.jpg","jpkleinubing","3215-5703","dep.joaopaulokleinubing@camara.gov.br"
178988,"JOÃO PAULO PAPA","PSDB","SP","http://www.camara.gov.br/internet/deputado/bandep/178988.jpg","Joaoppapa","3215-5476","dep.joaopaulopapa@camara.gov.br"
160571,"JOÃO RODRIGUES","PSD","SC","http://www.camara.gov.br/internet/deputado/bandep/160571.jpg","joaorodriguessc","3215-5503","dep.joaorodrigues@camara.gov.br"
178910,"JOAQUIM PASSARINHO","PSD","PA","http://www.camara.gov.br/internet/deputado/bandep/178910.jpg","joaquimpassarin","3215-5339","dep.joaquimpassarinho@camara.gov.br"
178971,"JONY MARCOS","PRB","SE","http://www.camara.gov.br/internet/deputado/bandep/178971.jpg","Dep_jonymarcos","3215-5807","dep.jonymarcos@camara.gov.br"
74388,"JORGE BOEIRA","PP","SC","http://www.camara.gov.br/internet/deputado/bandep/74388.jpg","deputadoboeira","3215-5342","dep.jorgeboeira@camara.gov.br"
160572,"JORGE CÔRTE REAL","PTB","PE","http://www.camara.gov.br/internet/deputado/bandep/160572.jpg","jorgecortereal","3215-5621","dep.jorgecortereal@camara.gov.br"
178857,"JORGE SOLLA","PT","BA","http://www.camara.gov.br/internet/deputado/bandep/178857.jpg","depjorgesolla","3215-5571","dep.jorgesolla@camara.gov.br"
73535,"JORGE TADEU MUDALEN","DEM","SP","http://www.camara.gov.br/internet/deputado/bandep/73535.jpg","depjorgetadeu","3215-5538","dep.jorgetadeumudalen@camara.gov.br"
160509,"JORGINHO MELLO","PR","SC","http://www.camara.gov.br/internet/deputado/bandep/160509.jpg","jorginhomello","3215-5329","dep.jorginhomello@camara.gov.br"
141464,"JOSÉ AIRTON CIRILO","PT","CE","http://www.camara.gov.br/internet/deputado/bandep/141464.jpg","JoseAirtonPT","3215-5319","dep.joseairtoncirilo@camara.gov.br"
74553,"JOSÉ CARLOS ALELUIA","DEM","BA","http://www.camara.gov.br/internet/deputado/bandep/74553.jpg","aleluiacosta","3215-5854","dep.josecarlosaleluia@camara.gov.br"
74140,"JOSÉ CARLOS ARAÚJO","PR","BA","http://www.camara.gov.br/internet/deputado/bandep/74140.jpg","depjosecarlos","3215-5232","dep.josecarlosaraujo@camara.gov.br"
131966,"JOSÉ FOGAÇA","PMDB","RS","http://www.camara.gov.br/internet/deputado/bandep/131966.jpg","JFogaca1","3215-5376","dep.josefogaca@camara.gov.br"
141470,"JOSÉ GUIMARÃES","PT","CE","http://www.camara.gov.br/internet/deputado/bandep/141470.jpg","guimaraes13PT","3215-5306","dep.joseguimaraes@camara.gov.br"
74275,"JOSÉ MENTOR","PT","SP","http://www.camara.gov.br/internet/deputado/bandep/74275.jpg","wmentor","3215-5502","dep.josementor@camara.gov.br"
160619,"JOSÉ NUNES","PSD","BA","http://www.camara.gov.br/internet/deputado/bandep/160619.jpg","JoseNunesDep","3215-5728","dep.josenunes@camara.gov.br"
74395,"JOSÉ OTÁVIO GERMANO","PP","RS","http://www.camara.gov.br/internet/deputado/bandep/74395.jpg","jotaviogermano","3215-5424","dep.joseotaviogermano@camara.gov.br"
74079,"JOSÉ PRIANTE","PMDB","PA","http://www.camara.gov.br/internet/deputado/bandep/74079.jpg","priante","3215-5752","dep.josepriante@camara.gov.br"
73714,"JOSÉ REINALDO","PSB","MA","http://www.camara.gov.br/internet/deputado/bandep/73714.jpg",NA,"3215-5529","dep.josereinaldo@camara.gov.br"
74554,"JOSÉ ROCHA","PR","BA","http://www.camara.gov.br/internet/deputado/bandep/74554.jpg","joserocha_","3215-5908","dep.joserocha@camara.gov.br"
160607,"JOSE STÉDILE","PSB","RS","http://www.camara.gov.br/internet/deputado/bandep/160607.jpg","josestedile","3215-5354","dep.josestedile@camara.gov.br"
114941,"JOSI NUNES","PMDB","TO","http://www.camara.gov.br/internet/deputado/bandep/114941.jpg","josinunesto","3215-5950","dep.josinunes@camara.gov.br"
74141,"JOSIAS GOMES","PT","BA",NA,"josiasgomesba",NA,NA
74351,"JOSUÉ BENGTSON","PTB","PA","http://www.camara.gov.br/internet/deputado/bandep/74351.jpg","josuebengtson","3215-5505","dep.josuebengtson@camara.gov.br"
73666,"JOVAIR ARANTES","PTB","GO","http://www.camara.gov.br/internet/deputado/bandep/73666.jpg",NA,"3215-5504","dep.jovairarantes@camara.gov.br"
178851,"JOZI ARAÚJO","PTN","AP","http://www.camara.gov.br/internet/deputado/bandep/178851.jpg","Deputada_Jozi ‏","3215-5309","dep.joziaraujo@camara.gov.br"
67312,"JÚLIA MARINHO","PSC","PA","http://www.camara.gov.br/internet/deputado/bandep/67312.jpg",NA,"3215-5707","dep.juliamarinho@camara.gov.br"
141474,"JULIÃO AMIN","PDT","MA",NA,NA,NA,NA
74317,"JÚLIO CESAR","PSD","PI","http://www.camara.gov.br/internet/deputado/bandep/74317.jpg","DepJulioCesarPI","3215-5944","dep.juliocesar@camara.gov.br"
73586,"JÚLIO DELGADO","PSB","MG","http://www.camara.gov.br/internet/deputado/bandep/73586.jpg","depjuliodelgado","3215-5323","dep.juliodelgado@camara.gov.br"
74253,"JULIO LOPES","PP","RJ","http://www.camara.gov.br/internet/deputado/bandep/74253.jpg",NA,"3215-5544","dep.juliolopes@camara.gov.br"
178885,"JUNIOR MARRECA","PEN","MA","http://www.camara.gov.br/internet/deputado/bandep/178885.jpg","juniormarreca","3215-5537","dep.juniormarreca@camara.gov.br"
178886,"JUSCELINO FILHO","DEM","MA","http://www.camara.gov.br/internet/deputado/bandep/178886.jpg",NA,"3215-5370","dep.juscelinofilho@camara.gov.br"
74570,"JUTAHY JUNIOR","PSDB","BA","http://www.camara.gov.br/internet/deputado/bandep/74570.jpg","NAO ENCONTRADO","3215-5407","dep.jutahyjunior@camara.gov.br"
178918,"KAIO MANIÇOBA","PMDB","PE","http://www.camara.gov.br/internet/deputado/bandep/178918.jpg",NA,"3215-5525","dep.kaiomanicoba@camara.gov.br"
160659,"KEIKO OTA","PSB","SP","http://www.camara.gov.br/internet/deputado/bandep/160659.jpg","keikoota_","3215-5523","dep.keikoota@camara.gov.br"
151208,"LAERCIO OLIVEIRA","SD","SE","http://www.camara.gov.br/internet/deputado/bandep/151208.jpg","laerciofederal","3215-5629","dep.laerciooliveira@camara.gov.br"
141478,"LAERTE BESSA","PR","DF","http://www.camara.gov.br/internet/deputado/bandep/141478.jpg","laerte_bessa","3215-5340","dep.laertebessa@camara.gov.br"
178894,"LAUDIVIO CARVALHO","SD","MG","http://www.camara.gov.br/internet/deputado/bandep/178894.jpg","laudivioc","3215-5717","dep.laudiviocarvalho@camara.gov.br"
74856,"LAURA CARNEIRO","PMDB","RJ","http://www.camara.gov.br/internet/deputado/bandep/74856.jpg",NA,"3215-5419","dep.lauracarneiro@camara.gov.br"
141480,"LÁZARO BOTELHO","PP","TO","http://www.camara.gov.br/internet/deputado/bandep/141480.jpg","LazaroBotelho","3215-5478","dep.lazarobotelho@camara.gov.br"
178832,"LEANDRE","PV","PR","http://www.camara.gov.br/internet/deputado/bandep/178832.jpg","Leandre4300","3215-5454","dep.leandre@camara.gov.br"
141562,"LELO COIMBRA","PMDB","ES","http://www.camara.gov.br/internet/deputado/bandep/141562.jpg",NA,"3215-5801","dep.lelocoimbra@camara.gov.br"
178825,"LEO DE BRITO","PT","AC","http://www.camara.gov.br/internet/deputado/bandep/178825.jpg","LeoDoPT","3215-5619","dep.leodebrito@camara.gov.br"
74156,"LEONARDO MONTEIRO","PT","MG","http://www.camara.gov.br/internet/deputado/bandep/74156.jpg","depleomonteiro","3215-5922","dep.leonardomonteiro@camara.gov.br"
74254,"LEONARDO PICCIANI","PMDB","RJ",NA,NA,NA,NA
141482,"LEONARDO QUINTÃO","PMDB","MG","http://www.camara.gov.br/internet/deputado/bandep/141482.jpg","leonardoquintao","3215-5914","dep.leonardoquintao@camara.gov.br"
74299,"LEÔNIDAS CRISTINO","PDT","CE","http://www.camara.gov.br/internet/deputado/bandep/74299.jpg","leonidas9099","3215-5948","dep.leonidascristino@camara.gov.br"
160663,"LEOPOLDO MEYER","PSB","PR","http://www.camara.gov.br/internet/deputado/bandep/160663.jpg","leopoldo_meyer","3215-5233","dep.leopoldomeyer@camara.gov.br"
74585,"LINCOLN PORTELA","PRB","MG","http://www.camara.gov.br/internet/deputado/bandep/74585.jpg","lincoln_portela","3215-5615","dep.lincolnportela@camara.gov.br"
141483,"LINDOMAR GARÇON","PRB","RO","http://www.camara.gov.br/internet/deputado/bandep/141483.jpg","depgarcon","3215-5548","dep.lindomargarcon@camara.gov.br"
74277,"LOBBE NETO","PSDB","SP","http://www.camara.gov.br/internet/deputado/bandep/74277.jpg","lobbeneto","3215-5275","dep.lobbeneto@camara.gov.br"
178879,"LUCAS VERGILIO","SD","GO","http://www.camara.gov.br/internet/deputado/bandep/178879.jpg",NA,"3215-5816","dep.lucasvergilio@camara.gov.br"
160628,"LUCIANA SANTOS","PCdoB","PE","http://www.camara.gov.br/internet/deputado/bandep/160628.jpg","deputadaluciana","3215-5524","dep.lucianasantos@camara.gov.br"
178931,"LUCIANO DUCCI","PSB","PR","http://www.camara.gov.br/internet/deputado/bandep/178931.jpg","LucianoDucci","3215-5427","dep.lucianoducci@camara.gov.br"
178954,"LUCIO MOSQUINI","PMDB","RO","http://www.camara.gov.br/internet/deputado/bandep/178954.jpg","NÃO ENCONTRADO","3215-5333","dep.luciomosquini@camara.gov.br"
141484,"LÚCIO VALE","PR","PA","http://www.camara.gov.br/internet/deputado/bandep/141484.jpg","luciovalepa ","3215-5822","dep.luciovale@camara.gov.br"
94931,"LUCIO VIEIRA LIMA","PMDB","BA","http://www.camara.gov.br/internet/deputado/bandep/94931.jpg","luciovl_","3215-5612","dep.luciovieiralima@camara.gov.br"
73483,"LUIS CARLOS HEINZE","PP","RS","http://www.camara.gov.br/internet/deputado/bandep/73483.jpg","deputadoheinze","3215-5526","dep.luiscarlosheinze@camara.gov.br"
160510,"LUIS TIBÉ","PTdoB","MG","http://www.camara.gov.br/internet/deputado/bandep/160510.jpg","LuisTibeOficial","3215-5632","dep.luistibe@camara.gov.br"
141485,"LUIZ CARLOS BUSATO","PTB","RS",NA,NA,NA,NA
73778,"LUIZ CARLOS HAULY","PSDB","PR","http://www.camara.gov.br/internet/deputado/bandep/73778.jpg","deputadoHauly","3215-5220","dep.luizcarloshauly@camara.gov.br"
178802,"LUIZ CARLOS RAMOS","PTN","RJ","http://www.camara.gov.br/internet/deputado/bandep/178802.jpg",NA,"3215-5636","dep.luizcarlosramos@camara.gov.br"
178955,"LUIZ CLÁUDIO","PR","RO","http://www.camara.gov.br/internet/deputado/bandep/178955.jpg","NÃO ENCONTRADO","3215-5643","dep.luizclaudio@camara.gov.br"
74041,"LUIZ COUTO","PT","PB","http://www.camara.gov.br/internet/deputado/bandep/74041.jpg","luizcoutopt","3215-5442","dep.luizcouto@camara.gov.br"
141487,"LUIZ FERNANDO FARIA","PP","MG","http://www.camara.gov.br/internet/deputado/bandep/141487.jpg","depluizfernando","3215-5832","dep.luizfernandofaria@camara.gov.br"
178982,"LUIZ LAURO FILHO","PSB","SP","http://www.camara.gov.br/internet/deputado/bandep/178982.jpg","luizlaurofilho","3215-5418","dep.luizlaurofilho@camara.gov.br"
162332,"LUIZ NISHIMORI","PR","PR","http://www.camara.gov.br/internet/deputado/bandep/162332.jpg","luiznishimori","3215-5907","dep.luiznishimori@camara.gov.br"
74688,"LUIZ SÉRGIO","PT","RJ","http://www.camara.gov.br/internet/deputado/bandep/74688.jpg",NA,"3215-5409","dep.luizsergio@camara.gov.br"
74784,"LUIZA ERUNDINA","PSOL","SP","http://www.camara.gov.br/internet/deputado/bandep/74784.jpg","luizaerundina","3215-5620","dep.luizaerundina@camara.gov.br"
178866,"LUIZIANNE LINS","PT","CE","http://www.camara.gov.br/internet/deputado/bandep/178866.jpg","Luizianne13PT","3215-5713","dep.luiziannelins@camara.gov.br"
178867,"MACEDO","PP","CE","http://www.camara.gov.br/internet/deputado/bandep/178867.jpg",NA,"3215-5214","dep.macedo@camara.gov.br"
166402,"MAGDA MOFATTO","PR","GO","http://www.camara.gov.br/internet/deputado/bandep/166402.jpg","Magdamofatto","3215-5934","dep.magdamofatto@camara.gov.br"
151965,"MAIA FILHO","PP","PI","http://www.camara.gov.br/internet/deputado/bandep/151965.jpg","josemaiafilho","3215-5624","dep.maiafilho@camara.gov.br"
178826,"MAJOR OLIMPIO","SD","SP","http://www.camara.gov.br/internet/deputado/bandep/178826.jpg","majorolimpio","3215-5279","dep.majorolimpio@camara.gov.br"
160633,"MANDETTA","DEM","MS","http://www.camara.gov.br/internet/deputado/bandep/160633.jpg","depmandetta","3215-5577","dep.mandetta@camara.gov.br"
141490,"MANOEL JUNIOR","PMDB","PB",NA,NA,NA,NA
160565,"MARA GABRILLI","PSDB","SP","http://www.camara.gov.br/internet/deputado/bandep/160565.jpg","maragabrilli","3215-5226","dep.maragabrilli@camara.gov.br"
160660,"MARCELO AGUIAR","DEM","SP","http://www.camara.gov.br/internet/deputado/bandep/160660.jpg","MarceloAguiarMA","3215-5367","dep.marceloaguiar@camara.gov.br"
179000,"MARCELO ÁLVARO ANTÔNIO","PR","MG","http://www.camara.gov.br/internet/deputado/bandep/179000.jpg","Marceloalvaroan","3215-5824","dep.marceloalvaroantonio@camara.gov.br"
146788,"MARCELO ARO","PHS","MG","http://www.camara.gov.br/internet/deputado/bandep/146788.jpg","marceloaro","3215-5280","dep.marceloaro@camara.gov.br"
178932,"MARCELO BELINATI","PP","PR",NA,NA,NA,NA
74460,"MARCELO CASTRO","PMDB","PI","http://www.camara.gov.br/internet/deputado/bandep/74460.jpg","MarceloCastroPI","3215-5811","dep.marcelocastro@camara.gov.br"
76287,"MARCELO MATOS","PHS","RJ","http://www.camara.gov.br/internet/deputado/bandep/76287.jpg",NA,"3215-5579","dep.marcelomatos@camara.gov.br"
118594,"MARCELO SQUASSONI","PRB","SP","http://www.camara.gov.br/internet/deputado/bandep/118594.jpg","NAO ENCONTRADO","3215-5550","dep.marcelosquassoni@camara.gov.br"
178983,"MARCIO ALVINO","PR","SP","http://www.camara.gov.br/internet/deputado/bandep/178983.jpg","AlvinoMarcio","3215-5331","dep.marcioalvino@camara.gov.br"
179001,"MÁRCIO BIOLCHI","PMDB","RS",NA,NA,NA,NA
150418,"MÁRCIO MARINHO","PRB","BA","http://www.camara.gov.br/internet/deputado/bandep/150418.jpg","dpmarciomarinho","3215-5326","dep.marciomarinho@camara.gov.br"
178899,"MARCIO MONTEIRO","PSDB","MS",NA,NA,NA,NA
178942,"MARCO ANTÔNIO CABRAL","PMDB","RJ","http://www.camara.gov.br/internet/deputado/bandep/178942.jpg",NA,"3215-5585","dep.marcoantoniocabral@camara.gov.br"
133373,"MARCO MAIA","PT","RS","http://www.camara.gov.br/internet/deputado/bandep/133373.jpg","DepMarcoMaia","3215-5964","dep.marcomaia@camara.gov.br"
160536,"MARCO TEBALDI","PSDB","SC","http://www.camara.gov.br/internet/deputado/bandep/160536.jpg","mtebaldi","3215-5284","dep.marcotebaldi@camara.gov.br"
160535,"MARCON","PT","RS","http://www.camara.gov.br/internet/deputado/bandep/160535.jpg","depmarcon","3215-5569","dep.marcon@camara.gov.br"
74470,"MARCONDES GADELHA","PSC","PB",NA,NA,NA,NA
178880,"MARCOS ABRÃO","PPS","GO","http://www.camara.gov.br/internet/deputado/bandep/178880.jpg",NA,"3215-5375","dep.marcosabrao@camara.gov.br"
141500,"MARCOS MONTES","PSD","MG","http://www.camara.gov.br/internet/deputado/bandep/141500.jpg","DepMarcosMontes","3215-5334","dep.marcosmontes@camara.gov.br"
178852,"MARCOS REATEGUI","PSD","AP","http://www.camara.gov.br/internet/deputado/bandep/178852.jpg","marcos_reategui ‏","3215-5344","dep.marcosreategui@camara.gov.br"
167722,"MARCOS ROGÉRIO","DEM","RO","http://www.camara.gov.br/internet/deputado/bandep/167722.jpg","MarcosRogerio","3215-5930","dep.marcosrogerio@camara.gov.br"
178850,"MARCOS ROTTA","PMDB","AM",NA,NA,NA,NA
178943,"MARCOS SOARES","DEM","RJ","http://www.camara.gov.br/internet/deputado/bandep/178943.jpg",NA,"3215-5741","dep.marcossoares@camara.gov.br"
159238,"MARCUS PESTANA","PSDB","MG","http://www.camara.gov.br/internet/deputado/bandep/159238.jpg","marcus_pestana","3215-5715","dep.marcuspestana@camara.gov.br"
74235,"MARCUS VICENTE","PP","ES","http://www.camara.gov.br/internet/deputado/bandep/74235.jpg",NA,"3215-5360","dep.marcusvicente@camara.gov.br"
171619,"MARGARIDA SALOMÃO","PT","MG","http://www.camara.gov.br/internet/deputado/bandep/171619.jpg","JFMargarida","3215-5236","dep.margaridasalomao@camara.gov.br"
74398,"MARIA DO ROSÁRIO","PT","RS","http://www.camara.gov.br/internet/deputado/bandep/74398.jpg","mariadorosario","3215-5312","dep.mariadorosario@camara.gov.br"
64960,"MARIA HELENA","PSB","RR","http://www.camara.gov.br/internet/deputado/bandep/64960.jpg","depmariahelena","3215-5410","dep.mariahelena@camara.gov.br"
178956,"MARIANA CARVALHO","PSDB","RO","http://www.camara.gov.br/internet/deputado/bandep/178956.jpg","MarianaPSDB","3215-5508","dep.marianacarvalho@camara.gov.br"
178919,"MARINALDO ROSENDO","PSB","PE","http://www.camara.gov.br/internet/deputado/bandep/178919.jpg","MarinaldoRosend","3215-5827","dep.marinaldorosendo@camara.gov.br"
74177,"MARINHA RAUPP","PMDB","RO","http://www.camara.gov.br/internet/deputado/bandep/74177.jpg","DepMarinhaRaupp","3215-5614","dep.marinharaupp@camara.gov.br"
74158,"MÁRIO HERINGER","PDT","MG",NA,"mario_heringer",NA,NA
178858,"MÁRIO NEGROMONTE JR.","PP","BA","http://www.camara.gov.br/internet/deputado/bandep/178858.jpg","depnegromontejr","3215-5517","dep.marionegromontejr@camara.gov.br"
181315,"MARQUINHO MENDES","PMDB","RJ",NA,NA,NA,NA
178843,"MARX BELTRÃO","PMDB","AL",NA,NA,NA,NA
74050,"MAURÍCIO QUINTELLA LESSA","PR","AL",NA,"Depquintella",NA,NA
73588,"MAURO BENEVIDES","PMDB","CE",NA,"maurobenevide",NA,NA
74749,"MAURO LOPES","PMDB","MG","http://www.camara.gov.br/internet/deputado/bandep/74749.jpg","depmaurolopes","3215-5844","dep.maurolopes@camara.gov.br"
141507,"MAURO MARIANI","PMDB","SC","http://www.camara.gov.br/internet/deputado/bandep/141507.jpg","Mauro_Mariani","3215-5925","dep.mauromariani@camara.gov.br"
124411,"MAURO PEREIRA","PMDB","RS","http://www.camara.gov.br/internet/deputado/bandep/124411.jpg","NAO ENCONTRADO","3215-5843","dep.mauropereira@camara.gov.br"
178827,"MAX FILHO","PSDB","ES",NA,NA,NA,NA
74428,"MENDONÇA FILHO","DEM","PE",NA,"mendonca_filho",NA,NA
188097,"MERLONG SOLANO","PT","PI",NA,NA,NA,NA
141509,"MIGUEL CORRÊA","PT","MG",NA,NA,NA,NA
178984,"MIGUEL HADDAD","PSDB","SP","http://www.camara.gov.br/internet/deputado/bandep/178984.jpg","miguelmhaddad","3215-5250","dep.miguelhaddad@camara.gov.br"
178985,"MIGUEL LOMBARDI","PR","SP","http://www.camara.gov.br/internet/deputado/bandep/178985.jpg","DMiguellombardi","3215-5835","dep.miguellombardi@camara.gov.br"
74787,"MILTON MONTI","PR","SP","http://www.camara.gov.br/internet/deputado/bandep/74787.jpg","miltonmonti","3215-5328","dep.miltonmonti@camara.gov.br"
74862,"MIRO TEIXEIRA","REDE","RJ","http://www.camara.gov.br/internet/deputado/bandep/74862.jpg",NA,"3215-5270","dep.miroteixeira@camara.gov.br"
178895,"MISAEL VARELLA","DEM","MG","http://www.camara.gov.br/internet/deputado/bandep/178895.jpg",NA,"3215-5721","dep.misaelvarella@camara.gov.br"
160561,"MISSIONÁRIO JOSÉ OLIMPIO","DEM","SP","http://www.camara.gov.br/internet/deputado/bandep/160561.jpg","NAO ENCONTRADO","3215-5507","dep.missionariojoseolimpio@camara.gov.br"
178859,"MOEMA GRAMACHO","PT","BA",NA,NA,NA,NA
74457,"MORONI TORGAN","DEM","CE",NA,NA,NA,NA
178997,"MOSES RODRIGUES","PMDB","CE","http://www.camara.gov.br/internet/deputado/bandep/178997.jpg","depfederalmoses","3215-5809","dep.mosesrodrigues@camara.gov.br"
160567,"NELSON MARCHEZAN JUNIOR","PSDB","RS",NA,"marchezan_",NA,NA
73553,"NELSON MARQUEZELLI","PTB","SP","http://www.camara.gov.br/internet/deputado/bandep/73553.jpg","MarquezelliNews","3215-5920","dep.nelsonmarquezelli@camara.gov.br"
73781,"NELSON MEURER","PP","PR","http://www.camara.gov.br/internet/deputado/bandep/73781.jpg","NÃO ENCONTRADO","3215-5916","dep.nelsonmeurer@camara.gov.br"
193069,"NELSON NAHIM","PSD","RJ",NA,NA,NA,NA
160566,"NELSON PADOVANI","PSDB","PR","http://www.camara.gov.br/internet/deputado/bandep/160566.jpg","nelson_padovani","3215-5513","dep.nelsonpadovani@camara.gov.br"
74571,"NELSON PELLEGRINO","PT","BA","http://www.camara.gov.br/internet/deputado/bandep/74571.jpg","nelsonpelegrino","3215-5826","dep.nelsonpellegrino@camara.gov.br"
178896,"NEWTON CARDOSO JR","PMDB","MG","http://www.camara.gov.br/internet/deputado/bandep/178896.jpg","newton1510","3215-5932","dep.newtoncardosojr@camara.gov.br"
74751,"NILMÁRIO MIRANDA","PT","MG",NA,NA,NA,NA
166401,"NILSON LEITÃO","PSDB","MT","http://www.camara.gov.br/internet/deputado/bandep/166401.jpg","Nilson_Leitao","3215-5825","dep.nilsonleitao@camara.gov.br"
74352,"NILSON PINTO","PSDB","PA","http://www.camara.gov.br/internet/deputado/bandep/74352.jpg",NA,"3215-5527","dep.nilsonpinto@camara.gov.br"
178986,"NILTO TATTO","PT","SP","http://www.camara.gov.br/internet/deputado/bandep/178986.jpg","NiltoTatto","3215-5267","dep.niltotatto@camara.gov.br"
74359,"NILTON CAPIXABA","PTB","RO","http://www.camara.gov.br/internet/deputado/bandep/74359.jpg","NÃO ENCONTRADO","3215-5724","dep.niltoncapixaba@camara.gov.br"
74159,"ODAIR CUNHA","PT","MG",NA,NA,NA,NA
74752,"ODELMO LEÃO","PP","MG",NA,NA,NA,NA
178868,"ODORICO MONTEIRO","PROS","CE","http://www.camara.gov.br/internet/deputado/bandep/178868.jpg","odoricomonteiro","3215-5582","dep.odoricomonteiro@camara.gov.br"
74399,"ONYX LORENZONI","DEM","RS","http://www.camara.gov.br/internet/deputado/bandep/74399.jpg","onyxlorenzoni","3215-5828","dep.onyxlorenzoni@camara.gov.br"
178987,"ORLANDO SILVA","PCdoB","SP","http://www.camara.gov.br/internet/deputado/bandep/178987.jpg","orlandosilva","3215-5923","dep.orlandosilva@camara.gov.br"
180545,"OSMAR BERTOLDI","DEM","PR","http://www.camara.gov.br/internet/deputado/bandep/180545.jpg","bertoldi","3215-5268","dep.osmarbertoldi@camara.gov.br"
73463,"OSMAR SERRAGLIO","PMDB","PR","http://www.camara.gov.br/internet/deputado/bandep/73463.jpg","osmar_serraglio","3215-5845","dep.osmarserraglio@camara.gov.br"
73692,"OSMAR TERRA","PMDB","RS",NA,"osmarterra ",NA,NA
141515,"OTAVIO LEITE","PSDB","RJ","http://www.camara.gov.br/internet/deputado/bandep/141515.jpg","otavioleite","3215-5225","dep.otavioleite@camara.gov.br"
160556,"PADRE JOÃO","PT","MG","http://www.camara.gov.br/internet/deputado/bandep/160556.jpg","dep_padrejoao","3215-5743","dep.padrejoao@camara.gov.br"
74319,"PAES LANDIM","PTB","PI","http://www.camara.gov.br/internet/deputado/bandep/74319.jpg",NA,"3215-5648","dep.paeslandim@camara.gov.br"
160642,"PASTOR EURICO","PHS","PE","http://www.camara.gov.br/internet/deputado/bandep/160642.jpg","pastoreurico","3215-5906","dep.pastoreurico@camara.gov.br"
74095,"PAUDERNEY AVELINO","DEM","AM","http://www.camara.gov.br/internet/deputado/bandep/74095.jpg","pauderney","3215-5610","dep.pauderneyavelino@camara.gov.br"
171617,"PAULÃO","PT","AL","http://www.camara.gov.br/internet/deputado/bandep/171617.jpg","paulaodopt","3215-5366","dep.paulao@camara.gov.br"
141516,"PAULO ABI-ACKEL","PSDB","MG","http://www.camara.gov.br/internet/deputado/bandep/141516.jpg","pauloabiackel","3215-5460","dep.pauloabiackel@camara.gov.br"
178860,"PAULO AZI","DEM","BA","http://www.camara.gov.br/internet/deputado/bandep/178860.jpg","pauloazi","3215-5635","dep.pauloazi@camara.gov.br"
74017,"PAULO FEIJÓ","PR","RJ","http://www.camara.gov.br/internet/deputado/bandep/74017.jpg","paulofeijo2288","3215-5336","dep.paulofeijo@camara.gov.br"
160517,"PAULO FOLETTO","PSB","ES","http://www.camara.gov.br/internet/deputado/bandep/160517.jpg","DeputadoFoletto","3215-5839","dep.paulofoletto@camara.gov.br"
160558,"PAULO FREIRE","PR","SP","http://www.camara.gov.br/internet/deputado/bandep/160558.jpg","DF_PauloFreire","3215-5416","dep.paulofreire@camara.gov.br"
141517,"PAULO HENRIQUE LUSTOSA","PP","CE","http://www.camara.gov.br/internet/deputado/bandep/141517.jpg","paulohelustosa","3215-5911","dep.paulohenriquelustosa@camara.gov.br"
74574,"PAULO MAGALHÃES","PSD","BA","http://www.camara.gov.br/internet/deputado/bandep/74574.jpg","paulo_psd","3215-5903","dep.paulomagalhaes@camara.gov.br"
132056,"PAULO MALUF","PP","SP","http://www.camara.gov.br/internet/deputado/bandep/132056.jpg","paulosalimmaluf","3215-5512","dep.paulomaluf@camara.gov.br"
141518,"PAULO PEREIRA DA SILVA","SD","SP","http://www.camara.gov.br/internet/deputado/bandep/141518.jpg","dep_paulinho","3215-5217","dep.paulopereiradasilva@camara.gov.br"
74400,"PAULO PIMENTA","PT","RS","http://www.camara.gov.br/internet/deputado/bandep/74400.jpg","deputadofederal","3215-5552","dep.paulopimenta@camara.gov.br"
141488,"PAULO TEIXEIRA","PT","SP","http://www.camara.gov.br/internet/deputado/bandep/141488.jpg","pauloteixeira13","3215-5281","dep.pauloteixeira@camara.gov.br"
74812,"PEDRO CHAVES","PMDB","GO","http://www.camara.gov.br/internet/deputado/bandep/74812.jpg",NA,"3215-5406","dep.pedrochaves@camara.gov.br"
178912,"PEDRO CUNHA LIMA","PSDB","PB","http://www.camara.gov.br/internet/deputado/bandep/178912.jpg","pedroocl","3215-5611","dep.pedrocunhalima@camara.gov.br"
74449,"PEDRO FERNANDES","PTB","MA","http://www.camara.gov.br/internet/deputado/bandep/74449.jpg",NA,"3215-5814","dep.pedrofernandes@camara.gov.br"
122158,"PEDRO PAULO","PMDB","RJ","http://www.camara.gov.br/internet/deputado/bandep/122158.jpg","pedropaulo","3215-5727","dep.pedropaulo@camara.gov.br"
160604,"PEDRO UCZAI","PT","SC","http://www.camara.gov.br/internet/deputado/bandep/160604.jpg","uczai","3215-5229","dep.pedrouczai@camara.gov.br"
178844,"PEDRO VILELA","PSDB","AL","http://www.camara.gov.br/internet/deputado/bandep/178844.jpg","vilelapedro","3215-5705","dep.pedrovilela@camara.gov.br"
80920,"PENNA","PV","SP",NA,"deputado_penna",NA,NA
141445,"PEPE VARGAS","PT","RS","http://www.camara.gov.br/internet/deputado/bandep/141445.jpg","SigaPepeVargas","3215-5858","dep.pepevargas@camara.gov.br"
73486,"POMPEO DE MATTOS","PDT","RS","http://www.camara.gov.br/internet/deputado/bandep/73486.jpg","PompeodeMattos","3215-5704","dep.pompeodemattos@camara.gov.br"
160601,"PR. MARCO FELICIANO","PSC","SP","http://www.camara.gov.br/internet/deputado/bandep/160601.jpg","marcofeliciano","3215-5254","dep.pr.marcofeliciano@camara.gov.br"
170673,"PROFESSOR SÉRGIO DE OLIVEIRA","PSD","PR",NA,NA,NA,NA
148134,"PROFESSOR VICTÓRIO GALLI","PSC","MT","http://www.camara.gov.br/internet/deputado/bandep/148134.jpg",NA,"3215-5539","dep.professorvictoriogalli@camara.gov.br"
160639,"PROFESSORA DORINHA SEABRA REZENDE","DEM","TO","http://www.camara.gov.br/internet/deputado/bandep/160639.jpg","profdorinha","3215-5432","dep.professoradorinhaseabrarezende@camara.gov.br"
160641,"PROFESSORA MARCIVANIA","PCdoB","AP","http://www.camara.gov.br/internet/deputado/bandep/160641.jpg","marcivania65","3215-5338","dep.professoramarcivania@camara.gov.br"
178951,"RAFAEL MOTTA","PSB","RN","http://www.camara.gov.br/internet/deputado/bandep/178951.jpg","rafaelmottarn","3215-5737","dep.rafaelmotta@camara.gov.br"
74216,"RAIMUNDO GOMES DE MATOS","PSDB","CE","http://www.camara.gov.br/internet/deputado/bandep/74216.jpg","raimundo_matos","3215-5725","dep.raimundogomesdematos@camara.gov.br"
178998,"RAQUEL MUNIZ","PSD","MG","http://www.camara.gov.br/internet/deputado/bandep/178998.jpg","raquel_muniz","3215-5444","dep.raquelmuniz@camara.gov.br"
74048,"RAUL JUNGMANN","PPS","PE",NA,NA,NA,NA
74161,"REGINALDO LOPES","PT","MG","http://www.camara.gov.br/internet/deputado/bandep/74161.jpg","Reginaldolopes","3215-5426","dep.reginaldolopes@camara.gov.br"
73786,"REINHOLD STEPHANES","PSD","PR","http://www.camara.gov.br/internet/deputado/bandep/73786.jpg","R_Stephanes","3215-5519","dep.reinholdstephanes@camara.gov.br"
178925,"REJANE DIAS","PT","PI",NA,NA,NA,NA
178960,"REMÍDIO MONAI","PR","RR","http://www.camara.gov.br/internet/deputado/bandep/178960.jpg","remidiomonai","3215-5641","dep.remidiomonai@camara.gov.br"
178989,"RENATA ABREU","PTN","SP","http://www.camara.gov.br/internet/deputado/bandep/178989.jpg","RenataAbreuDep","3215-5726","dep.renataabreu@camara.gov.br"
141527,"RENATO MOLLING","PP","RS","http://www.camara.gov.br/internet/deputado/bandep/141527.jpg","renatomolling","3215-5337","dep.renatomolling@camara.gov.br"
160654,"RENZO BRAZ","PP","MG","http://www.camara.gov.br/internet/deputado/bandep/160654.jpg","deputadorenzo","3215-5736","dep.renzobraz@camara.gov.br"
73788,"RICARDO BARROS","PP","PR",NA,NA,NA,NA
160655,"RICARDO IZAR","PP","SP","http://www.camara.gov.br/internet/deputado/bandep/160655.jpg","RicardoIzar","3215-5634","dep.ricardoizar@camara.gov.br"
178920,"RICARDO TEOBALDO","PTN","PE","http://www.camara.gov.br/internet/deputado/bandep/178920.jpg","psdbricardo45","3215-5603","dep.ricardoteobaldo@camara.gov.br"
141472,"RICARDO TRIPOLI","PSDB","SP","http://www.camara.gov.br/internet/deputado/bandep/141472.jpg","ricardotripoli","3215-5241","dep.ricardotripoli@camara.gov.br"
152610,"ROBERTO ALVES","PRB","SP","http://www.camara.gov.br/internet/deputado/bandep/152610.jpg","robertoalvesprb","3215-5946","dep.robertoalves@camara.gov.br"
73674,"ROBERTO BALESTRA","PP","GO","http://www.camara.gov.br/internet/deputado/bandep/73674.jpg","robertobalestra","3215-5219","dep.robertobalestra@camara.gov.br"
141529,"ROBERTO BRITTO","PP","BA","http://www.camara.gov.br/internet/deputado/bandep/141529.jpg","robertobritto11","3215-5733","dep.robertobritto@camara.gov.br"
160653,"ROBERTO DE LUCENA","PV","SP","http://www.camara.gov.br/internet/deputado/bandep/160653.jpg","dep_lucena","3215-5235","dep.robertodelucena@camara.gov.br"
73805,"ROBERTO FREIRE","PPS","SP","http://www.camara.gov.br/internet/deputado/bandep/73805.jpg","freire_roberto","3215-5242","dep.robertofreire@camara.gov.br"
178995,"ROBERTO GÓES","PDT","AP","http://www.camara.gov.br/internet/deputado/bandep/178995.jpg","dep_RobertoGoes ‏","3215-5462","dep.robertogoes@camara.gov.br"
178944,"ROBERTO SALES","PRB","RJ","http://www.camara.gov.br/internet/deputado/bandep/178944.jpg","NÃO ENCONTRADO","3215-5332","dep.robertosales@camara.gov.br"
160652,"ROBERTO TEIXEIRA","PP","PE",NA,"dep_roberto1122",NA,NA
178840,"ROCHA","PSDB","AC","http://www.camara.gov.br/internet/deputado/bandep/178840.jpg","MajorRocha45","3215-5607","dep.rocha@camara.gov.br"
141531,"RODRIGO DE CASTRO","PSDB","MG","http://www.camara.gov.br/internet/deputado/bandep/141531.jpg","RodrigoCastro45","3215-5701","dep.rodrigodecastro@camara.gov.br"
88950,"RODRIGO GARCIA","DEM","SP",NA,NA,NA,NA
74693,"RODRIGO MAIA","DEM","RJ","http://www.camara.gov.br/internet/deputado/bandep/74693.jpg","DepRodrigomaia","3215-5308","dep.rodrigomaia@camara.gov.br"
178926,"RODRIGO MARTINS","PSB","PI","http://www.camara.gov.br/internet/deputado/bandep/178926.jpg",NA,"3215-5558","dep.rodrigomartins@camara.gov.br"
178897,"RODRIGO PACHECO","PMDB","MG","http://www.camara.gov.br/internet/deputado/bandep/178897.jpg","rodrigo15bh","3215-5510","dep.rodrigopacheco@camara.gov.br"
141535,"ROGÉRIO MARINHO","PSDB","RN","http://www.camara.gov.br/internet/deputado/bandep/141535.jpg","rogeriosmarinho","3215-5446","dep.rogeriomarinho@camara.gov.br"
160651,"ROGÉRIO PENINHA MENDONÇA","PMDB","SC","http://www.camara.gov.br/internet/deputado/bandep/160651.jpg","deputadopeninha","3215-5656","dep.rogeriopeninhamendonca@camara.gov.br"
160426,"ROGÉRIO ROSSO","PSD","DF","http://www.camara.gov.br/internet/deputado/bandep/160426.jpg",NA,"3215-5283","dep.rogeriorosso@camara.gov.br"
141536,"RÔMULO GOUVEIA","PSD","PB","http://www.camara.gov.br/internet/deputado/bandep/141536.jpg","romulogouveia","3215-5411","dep.romulogouveia@camara.gov.br"
160515,"RONALDO BENEDET","PMDB","SC","http://www.camara.gov.br/internet/deputado/bandep/160515.jpg","ronaldo_benedet","3215-5918","dep.ronaldobenedet@camara.gov.br"
178861,"RONALDO CARLETTO","PP","BA","http://www.camara.gov.br/internet/deputado/bandep/178861.jpg","ronaldocarletto","3215-5262","dep.ronaldocarletto@camara.gov.br"
160637,"RONALDO FONSECA","PROS","DF","http://www.camara.gov.br/internet/deputado/bandep/160637.jpg","DepRonaldo","3215-5223","dep.ronaldofonseca@camara.gov.br"
178845,"RONALDO LESSA","PDT","AL","http://www.camara.gov.br/internet/deputado/bandep/178845.jpg","RonaldoLessaPDT","3215-5722","dep.ronaldolessa@camara.gov.br"
122466,"RONALDO MARTINS","PRB","CE","http://www.camara.gov.br/internet/deputado/bandep/122466.jpg","ronaldoprb10","3215-5568","dep.ronaldomartins@camara.gov.br"
163321,"RONALDO NOGUEIRA","PTB","RS",NA,NA,NA,NA
178870,"RÔNEY NEMER","PP","DF","http://www.camara.gov.br/internet/deputado/bandep/178870.jpg","roneynemer","3215-5572","dep.roneynemer@camara.gov.br"
191684,"ROSÂNGELA CURADO","PDT","MA",NA,NA,NA,NA
178945,"ROSANGELA GOMES","PRB","RJ","http://www.camara.gov.br/internet/deputado/bandep/178945.jpg","rosangelasgomes","3215-5438","dep.rosangelagomes@camara.gov.br"
178935,"ROSSONI","PSDB","PR",NA,NA,NA,NA
73466,"RUBENS BUENO","PPS","PR","http://www.camara.gov.br/internet/deputado/bandep/73466.jpg","rubensbuenopps","3215-5623","dep.rubensbueno@camara.gov.br"
74371,"RUBENS OTONI","PT","GO","http://www.camara.gov.br/internet/deputado/bandep/74371.jpg",NA,"3215-5501","dep.rubensotoni@camara.gov.br"
178887,"RUBENS PEREIRA JÚNIOR","PCdoB","MA","http://www.camara.gov.br/internet/deputado/bandep/178887.jpg","rubenspereirajr","3215-5574","dep.rubenspereirajunior@camara.gov.br"
141522,"SABINO CASTELO BRANCO","PTB","AM","http://www.camara.gov.br/internet/deputado/bandep/141522.jpg","depsabinocb","3215-5474","dep.sabinocastelobranco@camara.gov.br"
160630,"SÁGUAS MORAES","PT","MT","http://www.camara.gov.br/internet/deputado/bandep/160630.jpg",NA,"3215-5371","dep.saguasmoraes@camara.gov.br"
178990,"SAMUEL MOREIRA","PSDB","SP",NA,NA,NA,NA
74372,"SANDES JÚNIOR","PP","GO",NA,"sandes_junior",NA,NA
160621,"SANDRO ALEX","PSD","PR","http://www.camara.gov.br/internet/deputado/bandep/160621.jpg","SandroAlex2323","3215-5221","dep.sandroalex@camara.gov.br"
74762,"SARAIVA FELIPE","PMDB","MG","http://www.camara.gov.br/internet/deputado/bandep/74762.jpg","JSaraivaFelipe","3215-5429","dep.saraivafelipe@camara.gov.br"
74210,"SARNEY FILHO","PV","MA",NA,"sarneyfilho",NA,NA
178921,"SEBASTIÃO OLIVEIRA","PR","PE",NA,NA,NA,NA
73808,"SÉRGIO BRITO","PSD","BA","http://www.camara.gov.br/internet/deputado/bandep/73808.jpg","NAO ENCONTRADO","3215-5638","dep.sergiobrito@camara.gov.br"
141542,"SÉRGIO MORAES","PTB","RS","http://www.camara.gov.br/internet/deputado/bandep/141542.jpg","DEPSERGIOMORAES","3215-5258","dep.sergiomoraes@camara.gov.br"
178991,"SÉRGIO REIS","PRB","SP","http://www.camara.gov.br/internet/deputado/bandep/178991.jpg","sergioreis","3215-5213","dep.sergioreis@camara.gov.br"
178933,"SERGIO SOUZA","PMDB","PR","http://www.camara.gov.br/internet/deputado/bandep/178933.jpg","_sergiosouza","3215-5702","dep.sergiosouza@camara.gov.br"
178874,"SERGIO VIDIGAL","PDT","ES","http://www.camara.gov.br/internet/deputado/bandep/178874.jpg",NA,"3215-5812","dep.sergiovidigal@camara.gov.br"
160612,"SERGIO ZVEITER","PMDB","RJ","http://www.camara.gov.br/internet/deputado/bandep/160612.jpg","zveitersergio","3215-5437","dep.sergiozveiter@camara.gov.br"
167614,"SEVERINO NINHO","PSB","PE","http://www.camara.gov.br/internet/deputado/bandep/167614.jpg",NA,"3215-5314","dep.severinoninho@camara.gov.br"
178961,"SHÉRIDAN","PSDB","RR","http://www.camara.gov.br/internet/deputado/bandep/178961.jpg","depsheridan","3215-5246","dep.sheridan@camara.gov.br"
160613,"SIBÁ MACHADO","PT","AC",NA,"sibamachado13",NA,NA
74765,"SILAS BRASILEIRO","PMDB","MG",NA,NA,NA,NA
74356,"SILAS CÂMARA","PRB","AM","http://www.camara.gov.br/internet/deputado/bandep/74356.jpg","SilasCamaraAM ‏","3215-5532","dep.silascamara@camara.gov.br"
187008,"SILAS FREIRE","PR","PI","http://www.camara.gov.br/internet/deputado/bandep/187008.jpg",NA,"3215-5484","dep.silasfreire@camara.gov.br"
4930,"SILVIO COSTA","PTdoB","PE","http://www.camara.gov.br/internet/deputado/bandep/4930.jpg","silviocosta1410","3215-5417","dep.silviocosta@camara.gov.br"
73560,"SILVIO TORRES","PSDB","SP","http://www.camara.gov.br/internet/deputado/bandep/73560.jpg","silviotorres","3215-5404","dep.silviotorres@camara.gov.br"
73424,"SIMÃO SESSIM","PP","RJ","http://www.camara.gov.br/internet/deputado/bandep/73424.jpg","simao_sessim","3215-5709","dep.simaosessim@camara.gov.br"
178911,"SIMONE MORGADO","PMDB","PA","http://www.camara.gov.br/internet/deputado/bandep/178911.jpg",NA,"3215-5440","dep.simonemorgado@camara.gov.br"
178946,"SORAYA SANTOS","PMDB","RJ","http://www.camara.gov.br/internet/deputado/bandep/178946.jpg","NÃO ENCONTRADO","3215-5352","dep.sorayasantos@camara.gov.br"
178947,"SÓSTENES CAVALCANTE","DEM","RJ","http://www.camara.gov.br/internet/deputado/bandep/178947.jpg","DepSostenes","3215-5560","dep.sostenescavalcante@camara.gov.br"
92776,"STEFANO AGUIAR","PSD","MG","http://www.camara.gov.br/internet/deputado/bandep/92776.jpg","depstefano","3215-5341","dep.stefanoaguiar@camara.gov.br"
177282,"SUBTENENTE GONZAGA","PDT","MG","http://www.camara.gov.br/internet/deputado/bandep/177282.jpg","SubGonzagaMG","3215-5750","dep.subtenentegonzaga@camara.gov.br"
178922,"TADEU ALENCAR","PSB","PE","http://www.camara.gov.br/internet/deputado/bandep/178922.jpg",NA,"3215-5820","dep.tadeualencar@camara.gov.br"
74385,"TAKAYAMA","PSC","PR","http://www.camara.gov.br/internet/deputado/bandep/74385.jpg","pastortakayama","3215-5910","dep.takayama@camara.gov.br"
178898,"TENENTE LÚCIO","PSB","MG","http://www.camara.gov.br/internet/deputado/bandep/178898.jpg","deptenentelucio","3215-5239","dep.tenentelucio@camara.gov.br"
178901,"TEREZA CRISTINA","PSB","MS","http://www.camara.gov.br/internet/deputado/bandep/178901.jpg","terezacrisms","3215-5448","dep.terezacristina@camara.gov.br"
160617,"THIAGO PEIXOTO","PSD","GO","http://www.camara.gov.br/internet/deputado/bandep/160617.jpg","thiagopeixoto","3215-5941","dep.thiagopeixoto@camara.gov.br"
178862,"TIA ERON","PRB","BA",NA,"TiaEron",NA,NA
160976,"TIRIRICA","PR","SP","http://www.camara.gov.br/internet/deputado/bandep/160976.jpg","tiriricanaweb","3215-5637","dep.tiririca@camara.gov.br"
160611,"TONINHO PINHEIRO","PP","MG","http://www.camara.gov.br/internet/deputado/bandep/160611.jpg","pinheirotoninho","3215-5584","dep.toninhopinheiro@camara.gov.br"
178934,"TONINHO WANDSCHEER","PROS","PR","http://www.camara.gov.br/internet/deputado/bandep/178934.jpg","deputadotoninho","3215-5902","dep.toninhowandscheer@camara.gov.br"
178863,"ULDURICO JUNIOR","PV","BA","http://www.camara.gov.br/internet/deputado/bandep/178863.jpg","ulduricopinto","3215-5729","dep.ulduricojunior@camara.gov.br"
141384,"VALADARES FILHO","PSB","SE","http://www.camara.gov.br/internet/deputado/bandep/141384.jpg","valadares_filho","3215-5660","dep.valadaresfilho@camara.gov.br"
74010,"VALDIR COLATTO","PMDB","SC","http://www.camara.gov.br/internet/deputado/bandep/74010.jpg","colattodeputado","3215-5516","dep.valdircolatto@camara.gov.br"
160610,"VALMIR ASSUNÇÃO","PT","BA","http://www.camara.gov.br/internet/deputado/bandep/160610.jpg","falavalmir","3215-5739","dep.valmirassuncao@camara.gov.br"
113247,"VALMIR PRASCIDELLI","PT","SP","http://www.camara.gov.br/internet/deputado/bandep/113247.jpg","Prascidelli","3215-5837","dep.valmirprascidelli@camara.gov.br"
141552,"VALTENIR PEREIRA","PMDB","MT","http://www.camara.gov.br/internet/deputado/bandep/141552.jpg","DepValtenir","3215-5913","dep.valtenirpereira@camara.gov.br"
74376,"VANDER LOUBET","PT","MS","http://www.camara.gov.br/internet/deputado/bandep/74376.jpg","vanderloubet","3215-5838","dep.vanderloubet@camara.gov.br"
141553,"VANDERLEI MACRIS","PSDB","SP","http://www.camara.gov.br/internet/deputado/bandep/141553.jpg","vanderleimacris","3215-5348","dep.vanderleimacris@camara.gov.br"
178913,"VENEZIANO VITAL DO RÊGO","PMDB","PB","http://www.camara.gov.br/internet/deputado/bandep/178913.jpg","venezianovital","3215-5833","dep.venezianovitaldorego@camara.gov.br"
74308,"VICENTE ARRUDA","PDT","CE",NA,NA,NA,NA
160622,"VICENTE CANDIDO","PT","SP","http://www.camara.gov.br/internet/deputado/bandep/160622.jpg","vicente_candido","3215-5819","dep.vicentecandido@camara.gov.br"
74283,"VICENTINHO","PT","SP","http://www.camara.gov.br/internet/deputado/bandep/74283.jpg","VICENTINHOPT","3215-5740","dep.vicentinho@camara.gov.br"
137070,"VICENTINHO JÚNIOR","PR","TO","http://www.camara.gov.br/internet/deputado/bandep/137070.jpg","vicentinhojr","3215-5817","dep.vicentinhojunior@camara.gov.br"
178888,"VICTOR MENDES","PSD","MA","http://www.camara.gov.br/internet/deputado/bandep/178888.jpg","NAO ENCONTRADO","3215-5580","dep.victormendes@camara.gov.br"
141555,"VINICIUS CARVALHO","PRB","SP","http://www.camara.gov.br/internet/deputado/bandep/141555.jpg","falecomvinicius","3215-5356","dep.viniciuscarvalho@camara.gov.br"
160591,"VINICIUS GURGEL","PR","AP","http://www.camara.gov.br/internet/deputado/bandep/160591.jpg","vinicius2828","3215-5852","dep.viniciusgurgel@camara.gov.br"
178992,"VITOR LIPPI","PSDB","SP","http://www.camara.gov.br/internet/deputado/bandep/178992.jpg","DepVitorLippi","3215-5823","dep.vitorlippi@camara.gov.br"
178869,"VITOR VALIM","PMDB","CE","http://www.camara.gov.br/internet/deputado/bandep/178869.jpg","vitorvalim","3215-5545","dep.vitorvalim@camara.gov.br"
189593,"WADIH DAMOUS","PT","RJ","http://www.camara.gov.br/internet/deputado/bandep/189593.jpg","wadih_damous","3215-5413","dep.wadihdamous@camara.gov.br"
137853,"WADSON RIBEIRO","PCdoB","MG",NA,NA,NA,NA
160569,"WALDENOR PEREIRA","PT","BA","http://www.camara.gov.br/internet/deputado/bandep/160569.jpg","waldenorpereira","3215-5954","dep.waldenorpereira@camara.gov.br"
141558,"WALDIR MARANHÃO","PP","MA","http://www.camara.gov.br/internet/deputado/bandep/141558.jpg","WaldirMaranhao","3215-5975","dep.waldirmaranhao@camara.gov.br"
160631,"WALNEY ROCHA","PEN","RJ","http://www.camara.gov.br/internet/deputado/bandep/160631.jpg","walneyrocha","3215-5575","dep.walneyrocha@camara.gov.br"
178952,"WALTER ALVES","PMDB","RN","http://www.camara.gov.br/internet/deputado/bandep/178952.jpg","WalterAlvesRN","3215-5435","dep.walteralves@camara.gov.br"
141560,"WALTER IHOSHI","PSD","SP","http://www.camara.gov.br/internet/deputado/bandep/141560.jpg","walterihoshi","3215-5372","dep.walterihoshi@camara.gov.br"
160620,"WASHINGTON REIS","PMDB","RJ",NA,NA,NA,NA
160518,"WELITON PRADO","PMB","MG","http://www.camara.gov.br/internet/deputado/bandep/160518.jpg","pradoweliton","3215-5862","dep.welitonprado@camara.gov.br"
74043,"WELLINGTON ROBERTO","PR","PB","http://www.camara.gov.br/internet/deputado/bandep/74043.jpg","wr22","3215-5514","dep.wellingtonroberto@camara.gov.br"
167493,"WEVERTON ROCHA","PDT","MA","http://www.camara.gov.br/internet/deputado/bandep/167493.jpg","wevertonrocha","3215-5405","dep.wevertonrocha@camara.gov.br"
141563,"WILLIAM WOO","PP","SP",NA,NA,NA,NA
193066,"WILSON BESERRA","PMDB","RJ","http://www.camara.gov.br/internet/deputado/bandep/193066.jpg","wilsonbeserra","3215-5467","dep.wilsonbeserra@camara.gov.br"
160636,"WILSON FILHO","PTB","PB","http://www.camara.gov.br/internet/deputado/bandep/160636.jpg","wilsonfilho_","3215-5534","dep.wilsonfilho@camara.gov.br"
73930,"WLADIMIR COSTA","SD","PA","http://www.camara.gov.br/internet/deputado/bandep/73930.jpg","deputadowlad","3215-5343","dep.wladimircosta@camara.gov.br"
74439,"WOLNEY QUEIROZ","PDT","PE","http://www.camara.gov.br/internet/deputado/bandep/74439.jpg","WolneyQueirozM","3215-5936","dep.wolneyqueiroz@camara.gov.br"
191945,"ZÉ AUGUSTO NALIN","PMDB","RJ","http://www.camara.gov.br/internet/deputado/bandep/191945.jpg","zeaugustonalin","3215-5302","dep.zeaugustonalin@camara.gov.br"
178889,"ZÉ CARLOS","PT","MA","http://www.camara.gov.br/internet/deputado/bandep/178889.jpg","Dep_ZeCarlosPT","3215-5748","dep.zecarlos@camara.gov.br"
73931,"ZÉ GERALDO","PT","PA","http://www.camara.gov.br/internet/deputado/bandep/73931.jpg","zegeraldopt","3215-5266","dep.zegeraldo@camara.gov.br"
160632,"ZÉ SILVA","SD","MG","http://www.camara.gov.br/internet/deputado/bandep/160632.jpg","ZeSilva_","3215-5608","dep.zesilva@camara.gov.br"
178923,"ZECA CAVALCANTI","PTB","PE","http://www.camara.gov.br/internet/deputado/bandep/178923.jpg","NAO ENCONTRADO","3215-5318","dep.zecacavalcanti@camara.gov.br"
160592,"ZECA DIRCEU","PT","PR","http://www.camara.gov.br/internet/deputado/bandep/160592.jpg","zeca_dirceu","3215-5613","dep.zecadirceu@camara.gov.br"
178902,"ZECA DO PT","PT","MS","http://www.camara.gov.br/internet/deputado/bandep/178902.jpg","zecadopt","3215-5860","dep.zecadopt@camara.gov.br"
178949,"ZENAIDE MAIA","PR","RN","http://www.camara.gov.br/internet/deputado/bandep/178949.jpg","NAO ENCONTRADO","3215-5439","dep.zenaidemaia@camara.gov.br"
195143,"ANDRÉ AMARAL","PMDB","PB","http://www.camara.gov.br/internet/deputado/bandep/195143.jpg","NÃO ENCONTRADO","3215-5276","dep.andreamaral@camara.gov.br"
193165,"ÁTILA A. NUNES","PMDB","RJ",NA,NA,NA,NA
74052,"BOSCO COSTA","PROS","SE",NA,NA,NA,NA
194261,"CAJAR NARDES","PR","RS","http://www.camara.gov.br/internet/deputado/bandep/194261.jpg","Cajarnardes","3215-5379","dep.cajarnardes@camara.gov.br"
194258,"CREUZA PEREIRA","PSB","PE","http://www.camara.gov.br/internet/deputado/bandep/194258.jpg","creuzafederal","3215-5662","dep.creuzapereira@camara.gov.br"
194259,"GUILHERME COELHO","PSDB","PE","http://www.camara.gov.br/internet/deputado/bandep/194259.jpg",NA,"3215-5583","dep.guilhermecoelho@camara.gov.br"
194592,"ILDON MARQUES","PSB","MA",NA,NA,NA,NA
194262,"JONES MARTINS","PMDB","RS","http://www.camara.gov.br/internet/deputado/bandep/194262.jpg","NAO ENCONTRADO","3215-5927","dep.jonesmartins@camara.gov.br"
81366,"LUANA COSTA","PSB","MA","http://www.camara.gov.br/internet/deputado/bandep/81366.jpg",NA,"3215-5324","dep.luanacosta@camara.gov.br"
195278,"MOISÉS DINIZ","PCdoB","AC","http://www.camara.gov.br/internet/deputado/bandep/195278.jpg","moisesdiniz10","3215-5421","dep.moisesdiniz@camara.gov.br"
194260,"NIVALDO ALBUQUERQUE","PRP","AL","http://www.camara.gov.br/internet/deputado/bandep/194260.jpg","NivaldoAlbuque","3215-5425","dep.nivaldoalbuquerque@camara.gov.br"
193982,"PASTOR LUCIANO BRAGA","PRB","BA","http://www.camara.gov.br/internet/deputado/bandep/193982.jpg","prlucianobraga","3215-5810","dep.pastorlucianobraga@camara.gov.br"
74160,"PATRUS ANANIAS","PT","MG","http://www.camara.gov.br/internet/deputado/bandep/74160.jpg","Patrus_Ananias","3215-5720","dep.patrusananias@camara.gov.br"
193726,"PAULO MARTINS","PSDB","PR",NA,NA,NA,NA
195997,"POLLYANA GAMA","PPS","SP","http://www.camara.gov.br/internet/deputado/bandep/195997.jpg","_pollyanagama","3215-5921","dep.pollyanagama@camara.gov.br"
195581,"RICARDO BENTINHO","PRB","SP",NA,NA,NA,NA
146949,"ROSINHA DA ADEFAL","PTdoB","AL","http://www.camara.gov.br/internet/deputado/bandep/146949.jpg","rosinhadaadefal","3215-5412","dep.rosinhadaadefal@camara.gov.br"
73831,"TAMPINHA","PSD","MT",NA,NA,NA,NA
194340,"VAL AMÉLIO","PRTB","AL",NA,NA,NA,NA
196359,"ADÉRMIS MARINI","PSDB","SP",NA,"AdermisMarini",NA,NA
196357,"DEJORGE PATRÍCIO","PRB","RJ","http://www.camara.gov.br/internet/deputado/bandep/196357.jpg",NA,"3215-5714","dep.dejorgepatricio@camara.gov.br"
72442,"FELIPE CARRERAS","PSB","PE",NA,NA,NA,NA
196378,"IZAQUE SILVA","PSDB","SP","http://www.camara.gov.br/internet/deputado/bandep/196378.jpg","NAO ENCONTRADO","3215-5915","dep.izaquesilva@camara.gov.br"
196358,"LOURIVAL GOMES","PTN","RJ",NA,NA,NA,NA
198198,"LUZIA FERREIRA","PPS","MG","http://www.camara.gov.br/internet/deputado/bandep/198198.jpg",NA,"3215-5211","dep.luziaferreira@camara.gov.br"
195826,"MARCELO DELAROLI","PR","RJ","http://www.camara.gov.br/internet/deputado/bandep/195826.jpg",NA,"3215-5509","dep.marcelodelaroli@camara.gov.br"
66179,"NORMA AYUB","DEM","ES","http://www.camara.gov.br/internet/deputado/bandep/66179.jpg",NA,"3215-5601","dep.normaayub@camara.gov.br"
171620,"RENATO ANDRADE","PP","MG","http://www.camara.gov.br/internet/deputado/bandep/171620.jpg","renatoandrademg","3215-5483","dep.renatoandrade@camara.gov.br"
91208,"ROBINSON ALMEIDA","PT","BA","http://www.camara.gov.br/internet/deputado/bandep/91208.jpg","robinson1350","3215-5576","dep.robinsonalmeida@camara.gov.br"
141532,"ROCHA LOURES","PMDB","PR",NA,"rodrochaloures",NA,NA
195866,"VAIDON OLIVEIRA","DEM","CE","http://www.camara.gov.br/internet/deputado/bandep/195866.jpg","NAO ENCONTRADO","3215-5570","dep.vaidonoliveira@camara.gov.br"
73992,"YEDA CRUSIUS","PSDB","RS","http://www.camara.gov.br/internet/deputado/bandep/73992.jpg","Yeda_Crusius45","3215-5445","dep.yedacrusius@camara.gov.br"
